cast_id,character,credit_id,gender,id,name,order,profile_path,movie_id
14,Woody (voice),52fe4284c3a36847f8024f95,2,31,Tom Hanks,0,/pQFoyx7rp09CJTAb932F2g8Nlho.jpg,862
15,Buzz Lightyear (voice),52fe4284c3a36847f8024f99,2,12898,Tim Allen,1,/uX2xVf6pMmPepxnvFWyBtjexzgY.jpg,862
16,Mr. Potato Head (voice),52fe4284c3a36847f8024f9d,2,7167,Don Rickles,2,/h5BcaDMPRVLHLDzbQavec4xfSdt.jpg,862
17,Slinky Dog (voice),52fe4284c3a36847f8024fa1,2,12899,Jim Varney,3,/eIo2jVVXYgjDtaHoF19Ll9vtW7h.jpg,862
18,Rex (voice),52fe4284c3a36847f8024fa5,2,12900,Wallace Shawn,4,/oGE6JqPP2xH4tNORKNqxbNPYi7u.jpg,862
19,Hamm (voice),52fe4284c3a36847f8024fa9,2,7907,John Ratzenberger,5,/yGechiKWL6TJDfVE2KPSJYqdMsY.jpg,862
20,Bo Peep (voice),52fe4284c3a36847f8024fad,1,8873,Annie Potts,6,/eryXT84RL41jHSJcMy4kS3u9y6w.jpg,862
26,Andy (voice),52fe4284c3a36847f8024fc1,0,1116442,John Morris,7,/vYGyvK4LzeaUCoNSHtsuqJUY15M.jpg,862
22,Sid (voice),52fe4284c3a36847f8024fb1,2,12901,Erik von Detten,8,/twnF1ZaJ1FUNUuo6xLXwcxjayBE.jpg,862
23,Mrs. Davis (voice),52fe4284c3a36847f8024fb5,1,12133,Laurie Metcalf,9,/unMMIT60eoBM2sN2nyR7EZ2BvvD.jpg,862
24,Sergeant (voice),52fe4284c3a36847f8024fb9,2,8655,R. Lee Ermey,10,/r8GBqFBjypLUP9VVqDqfZ7wYbSs.jpg,862
25,Hannah (voice),52fe4284c3a36847f8024fbd,1,12903,Sarah Freeman,11,,862
27,TV Announcer (voice),52fe4284c3a36847f8024fc5,2,37221,Penn Jillette,12,/zmAaXUdx12NRsssgHbk1T31j2x9.jpg,862
1,Alan Parrish,52fe44bfc3a36847f80a7c73,2,2157,Robin Williams,0,/sojtJyIV3lkUeThD7A2oHNm8183.jpg,8844
8,Samuel Alan Parrish / Van Pelt,52fe44bfc3a36847f80a7c99,2,8537,Jonathan Hyde,1,/7il5D76vx6QVRVlpVvBPEC40MBi.jpg,8844
2,Judy Sheperd,52fe44bfc3a36847f80a7c77,1,205,Kirsten Dunst,2,/wBXvh6PJd0IUVNpvatPC1kzuHtm.jpg,8844
24,Peter Shepherd,52fe44c0c3a36847f80a7ce7,0,145151,Bradley Pierce,3,/j6iW0vVA23GQniAPSYI6mi4hiEW.jpg,8844
10,Sarah Whittle,52fe44bfc3a36847f80a7c9d,1,5149,Bonnie Hunt,4,/7spiVQwmr8siw5QCcvvdRG3c7Lf.jpg,8844
25,Nora Shepherd,52fe44c0c3a36847f80a7ceb,1,10739,Bebe Neuwirth,5,/xm58rpMRVDHS0IGttw1pTlqGwkN.jpg,8844
26,Carl Bentley,52fe44c0c3a36847f80a7cef,2,58563,David Alan Grier,6,/5tkt3qRZTco4sz604aTIarQ0m8W.jpg,8844
11,Carol Anne Parrish,52fe44bfc3a36847f80a7ca1,1,1276,Patricia Clarkson,7,/10ZSyaUqzUlKTd60HmeiGhlytZG.jpg,8844
14,Alan Parrish (young),52fe44bfc3a36847f80a7cad,0,46530,Adam Hann-Byrd,8,/hEoqDqtMO91hYWD5iDrDesnLDlt.jpg,8844
13,Sarah Whittle (young),52fe44bfc3a36847f80a7ca9,1,56523,Laura Bell Bundy,9,/8tAVDBRoZPjKfCbBDyh4iK9JNEp.jpg,8844
31,Exterminator,52fe44c0c3a36847f80a7cff,2,51551,James Handy,10,/vm0WQmuP8jEGgFTd3VCcJe7zpUi.jpg,8844
12,Mrs. Thomas the Realtor,52fe44bfc3a36847f80a7ca5,1,56522,Gillian Barber,11,/qoqPX15J5jh6Sy0A9JvvRJIuw64.jpg,8844
28,Benjamin,52fe44c0c3a36847f80a7cf3,2,1000304,Brandon Obray,12,,8844
29,Caleb,52fe44c0c3a36847f80a7cf7,0,188949,Cyrus Thiedeke,13,,8844
30,Billy Jessup,52fe44c0c3a36847f80a7cfb,0,1076551,Gary Joseph Thorup,14,,8844
32,Cop,5588053fc3a36838530063f5,0,1480246,Leonard Zola,15,,8844
33,Bum,55935687925141645a002097,2,25024,Lloyd Berry,16,/s7SVCOtvcuQ9wRQPZfUdahb5x88.jpg,8844
34,Jim Shepherd,559356d09251415df8002cb7,2,27110,Malcolm Stewart,17,/l2vgzkLR7GRr8ugjZCILA0OiliI.jpg,8844
35,Martha Shepherd,55935730925141645a0020ad,0,53715,Annabel Kershaw,18,/1VqbvAohBwFhETZtDe76JXQcxKm.jpg,8844
36,Gun Salesman,5593576992514167fd000610,2,1379424,Darryl Henriques,19,/7QMHooY9ewNQlE24WKAOdwW0evU.jpg,8844
37,Paramedic,559357ae92514152de002f42,0,1235504,Robyn Driscoll,20,,8844
50,Paramedic,5657803b925141018f00a5dc,2,25389,Peter Bryant,21,/fkcx9Tnp25UC5HlI2eW3nGvumsZ.jpg,8844
39,Girl,559358e292514152de002f63,0,1483449,Sarah Gilson,22,,8844
40,Girl,5593590d92514152db002df3,0,1483450,Florica Vlad,23,,8844
41,Baker,55935946c3a36869d1001b4d,0,1483451,June Lion,24,,8844
42,Pianist,5593597692514167fd000644,0,1483452,Brenda Lockmuller,25,,8844
