name,year,Domestic Gross,Overseas Gross,Worldwide Gross
Strangeland,1998,"631,221",0,"631,221"
Ride with the Devil,1999/I,"630,779",0,"630,779"
Forever Strong,2008,"630,649",0,"630,649"
Beaumarchais l'insolent,1996,"630,269",0,"630,269"
Walk with Me,2017/I,"628,488",0,"628,488"
The Last Vermeer,2019,"628,077",0,"628,077"
Pumping Iron II: The Women,1985,"628,050",0,"628,050"
Piet Piraat en het vliegende schip,2006,0,"627,745","627,745"
Deadly Illusion,1987,"626,724",0,"626,724"
"The Prize Winner of Defiance, Ohio",2005,"626,310",0,"626,310"
Girl Shy,1924,"625,466",0,"625,466"
"Boys Life: Three Stories of Love, Lust, and Liberation",1994,"625,423",0,"625,423"
Hurlevent,1985,"624,643",0,"624,643"
El hijo de la novia,2001,"624,153",0,"624,153"
Safety Last!,1923,"623,809",0,"623,809"
Fiza,2000,"623,791",0,"623,791"
Un secret,2007,"623,415",0,"623,415"
Texas Rangers,2001,"623,374",0,"623,374"
Spike of Bensonhurst,1988,"623,112",0,"623,112"
Sherrybaby,2006,"199,176","423,630","622,806"
Amreeka,2009,"622,164",0,"622,164"
Range 15,2016,"621,738",0,"621,738"
Cronos,1993,"621,392",0,"621,392"
My First Mister,2001,"621,377",0,"621,377"
Ajami,2009,"621,240",0,"621,240"
"Kumiko, the Treasure Hunter",2014,"621,127",0,"621,127"
The Van,1996,"621,093",0,"621,093"
Professione: reporter,1975,"619,744",0,"619,744"
Trembling Before G-d,2001,"619,612",0,"619,612"
Fever Pitch,1985,"618,847",0,"618,847"
Cage,1989,"618,178",0,"618,178"
The Squaw Man,1918,"618,152",0,"618,152"
Plein soleil,1960,"618,090",0,"618,090"
Grace of My Heart,1996,"617,632",0,"617,632"
The House of Yes,1997,"617,403",0,"617,403"
Howl,2010,"617,334",0,"617,334"
The Celestine Prophecy,2006,"617,236",0,"617,236"
Obsluhoval jsem anglického krále,2006,"617,228",0,"617,228"
It's My Party,1996,"616,663",0,"616,663"
My Life So Far,1999,"616,310",0,"616,310"
Stonewall,1995,"616,248",0,"616,248"
The Bronze,2015,"615,654",0,"615,654"
Vincere,2009,"615,278",0,"615,278"
Guinevere,1999,"614,202",0,"614,202"
Cìkè Niè Yinniáng,2015,"613,556",0,"613,556"
Barbarella,1968,"613,285",0,"613,285"
Going Upriver: The Long War of John Kerry,2004,"613,252",0,"613,252"
Tickled,2016,"612,816",0,"612,816"
Queens Logic,1991,"612,781",0,"612,781"
Baar Baar Dekho,2016,"612,363",0,"612,363"
Ozu no mahôtsukai,1982,"612,300",0,"612,300"
Le Havre,2011,"611,709",0,"611,709"
Léolo,1992,"610,488",0,"610,488"
The Return of Superfly,1990,"610,402",0,"610,402"
The Beast of the City,1932,"408,000","202,000","610,000"
Henry: Portrait of a Serial Killer,1986,"609,939",0,"609,939"
Poison,1991,"609,524",0,"609,524"
The Basket,1999,"609,042",0,"609,042"
Felicity,1978,0,"608,933","608,933"
Dead Before Dawn 3D,2012,0,"608,881","608,881"
Ruby Cairo,1992,"608,866",0,"608,866"
Welcome to Me,2014,"608,852",0,"608,852"
City of Gold,2015,"608,799",0,"608,799"
Some Mother's Son,1996,"608,032",0,"608,032"
Gunner Palace,2004,"607,502",0,"607,502"
Not Fade Away,2012,"607,327",0,"607,327"
The Filth and the Fury,2000,"606,643",0,"606,643"
Maria Larssons eviga ögonblick,2008,"606,126",0,"606,126"
Seberg,2019,"448,009","157,818","605,827"
Joan the Woman,1916,"605,731",0,"605,731"
Blue Collar Comedy Tour: The Movie,2003,"604,856",0,"604,856"
Modern Girls,1986,"604,849",0,"604,849"
Tatie Danielle,1990,"604,624",0,"604,624"
Da,1988,"604,532",0,"604,532"
Shekvarebuli kulinaris ataserti retsepti,1996,"603,957",0,"603,957"
Mean Creek,2004,"603,951",0,"603,951"
Sage femme,2017,"603,582",0,"603,582"
Wild West Comedy Show: 30 Days & 30 Nights - Hollywood to the Heartland,2006,"603,564",0,"603,564"
The Holy Land,2001,"603,520",0,"603,520"
La fille de Monaco,2008,"601,923",0,"601,923"
Knights of the City,1986,"601,451",0,"601,451"
Jaane Tu... Ya Jaane Na,2008,"600,922",0,"600,922"
The Signal,2014,"600,896",0,"600,896"
Chung Hing sam lam,1994,"600,200",0,"600,200"
Invitation to the Dance,1956,"600,000",0,"600,000"
Being at Home with Claude,1992,"600,000",0,"600,000"
I Used to Love Her,2008,"600,000",0,"600,000"
Gentleman,2016,"599,906",0,"599,906"
Swept Away,2002,"598,645",0,"598,645"
The Signal,2007,"597,420",0,"597,420"
The Disappearance of Eleanor Rigby: Them,2014,"587,152","9,920","597,072"
Il giardino dei Finzi Contini,1970,"596,694",0,"596,694"
Fobos. Klub strakha,2010,0,"596,000","596,000"
Ma-seu-teo,2016,"595,649",0,"595,649"
Where the Rivers Flow North,1993,"595,505",0,"595,505"
"Lo and Behold, Reveries of the Connected World",2016,"594,912",0,"594,912"
Road Scholar,1993,"594,768",0,"594,768"
Schultze Gets the Blues,2003,"594,115",0,"594,115"
Wuthering Heights,1939,"593,914",0,"593,914"
Heroine,2012,"593,344",0,"593,344"
Doua lozuri,2016,0,"593,000","593,000"
Two Much,1996,"592,871",0,"592,871"
Star Maps,1997,"592,573",0,"592,573"
Tarnation,2003,"592,014",0,"592,014"
Night of the Creeps,1986,"591,366",0,"591,366"
Bethany Hamilton: Unstoppable,2018,"590,671",0,"590,671"
Mary Kom,2014,"590,165",0,"590,165"
Maradona by Kusturica,2008,0,"589,265","589,265"
Powaqqatsi,1988,"589,244",0,"589,244"
Yi ge dou bu neng shao,1999,"589,114",0,"589,114"
Se ying diu sau,1978,0,"588,858","588,858"
Phir Bhi Dil Hai Hindustani,2000,"588,606",0,"588,606"
The Marauders,1955,"551,000","37,000","588,000"
Heroes,2008,"587,206",0,"587,206"
To the Wonder,2012,"586,293",0,"586,293"
Wazir,2016/I,"586,028",0,"586,028"
Mifunes sidste sang,1999,"585,016",0,"585,016"
Mirakel,2000,0,"584,092","584,092"
The Inner Circle,1991,"583,979",0,"583,979"
Undefeated,2011,"562,218","21,626","583,844"
Oviri,1986,"583,800",0,"583,800"
Gleason,2016,"583,664",0,"583,664"
Kôkaku Kidôtai,1995,"515,905","67,488","583,393"
Panga,2020,"582,720",0,"582,720"
Shaadi Ke Side Effects,2014,"582,672",0,"582,672"
The Pope Must Die,1991,"582,510",0,"582,510"
Orgazmo,1997,"582,024",0,"582,024"
The Opportunists,2000,"581,142",0,"581,142"
"War, Inc.",2008,"580,862",0,"580,862"
The Long Voyage Home,1940,"580,129",0,"580,129"
Seymour: An Introduction,2014,"580,000",0,"580,000"
Love Serenade,1996,"579,337",0,"579,337"
Detective Byomkesh Bakshy!,2015,"579,055",0,"579,055"
All Good Things,2010,"578,382",0,"578,382"
Tibet: Cry of the Snow Lion,2002,"577,841",0,"577,841"
Overexposed,1990,"577,701",0,"577,701"
Dhobi Ghat,2010,"576,639",0,"576,639"
Salinger,2013,"575,775",0,"575,775"
Werewolves Within,2021,"575,155",0,"575,155"
Le confessionnal,1995,"575,001",0,"575,001"
House,2008,"574,940",0,"574,940"
Johnny Stecchino,1991,"574,392",0,"574,392"
Household Saints,1993,"574,152",0,"574,152"
Rosalie Goes Shopping,1989,"574,080",0,"574,080"
Bar Girls,1994,"573,953",0,"573,953"
Wild Orchid II: Two Shades of Blue,1991,"573,904",0,"573,904"
The Public,2018,"573,503",0,"573,503"
Klimt,2006,"97,656","475,711","573,367"
I Spit on Your Grave,2010,"93,051","479,758","572,809"
Deceiver,1997,"572,433",0,"572,433"
A Tale of Love and Darkness,2015,"572,212",0,"572,212"
Ji yi da shi,2017,"570,992",0,"570,992"
Die Unsichtbaren,2017,"408,110","162,865","570,975"
Karlik Nos,2003,0,"569,837","569,837"
Tommy's Honour,2016,"569,306",0,"569,306"
Joni 75: A Birthday Celebration,2019,"568,772",0,"568,772"
Down in the Valley,2005,"568,695",0,"568,695"
Tunnel,2016,"568,691",0,"568,691"
The Future,2011,"568,366",0,"568,366"
Etz Limon,2008,"566,052",0,"566,052"
Vidocq,2001,0,"565,693","565,693"
"Dancer, Texas Pop. 81",1998,"565,592",0,"565,592"
The Ballad of Little Jo,1993,"543,091","22,439","565,530"
Me Myself I,1999,"565,193",0,"565,193"
Touch of Pink,2004,"564,535",0,"564,535"
Dum Maaro Dum,2011,"563,699",0,"563,699"
The Fluffer,2001,"563,373",0,"563,373"
Nobody's Fool,1986,"563,358",0,"563,358"
Polish Wedding,1998,"563,143",0,"563,143"
Steel Dawn,1987,"562,187",0,"562,187"
Poolhall Junkies,2002,"562,059",0,"562,059"
Rich Girl,1991,"561,000",0,"561,000"
Jimmy's Hall,2014,"560,341",0,"560,341"
Harry & Snowman,2015,"560,270",0,"560,270"
The Weather Underground,2002,"560,199",0,"560,199"
Tamara Drewe,2010,"560,101",0,"560,101"
Bottle Rocket,1996,"560,069",0,"560,069"
House of Good and Evil,2013,"560,000",0,"560,000"
Knight of Cups,2015,"558,402",0,"558,402"
También la lluvia,2010,"558,342",0,"558,342"
George and the Dragon,2004,0,"557,910","557,910"
Bitter Harvest,2017,"557,241",0,"557,241"
Monsieur Beaucaire,1924,"556,826",0,"556,826"
"Visages, villages",2017,"556,643",0,"556,643"
Charley's Aunt,1925,"556,529",0,"556,529"
Saturday's Warrior,2016,"556,403",0,"556,403"
Lizzie,1957,"280,000","275,000","555,000"
A Little Chaos,2014,"554,640",0,"554,640"
The Innocent,1993,"553,454",0,"553,454"
Palindromes,2004,"553,368",0,"553,368"
Akira,1988,"553,171",0,"553,171"
American Violet,2008,"552,933",0,"552,933"
Italyanets,2005,"552,546",0,"552,546"
L'instinct de mort,2008,"551,660",0,"551,660"
Twelfth Night or What You Will,1996,"551,545",0,"551,545"
Grosse fatigue,1994,"551,359",0,"551,359"
Eldorado,1995,"550,000",0,"550,000"
Church,2010,"550,000",0,"550,000"
Kid Glove Killer,1942,"336,000","214,000","550,000"
Dolores,2017/I,"549,671",0,"549,671"
The Lost Medallion: The Adventures of Billy Stone,2013,"549,632",0,"549,632"
La Nana,2009,"549,530",0,"549,530"
Ondine,2009,"548,934",0,"548,934"
Reprise,2006,"548,811",0,"548,811"
From Mexico with Love,2009,"548,775",0,"548,775"
All the Real Girls,2003,"548,712",0,"548,712"
Amazon Women on the Moon,1987,"548,696",0,"548,696"
The Final Cut,2004,"548,039",0,"548,039"
The Lost World,1925,"547,913",0,"547,913"
Novitiate,2017,"547,635",0,"547,635"
Beyond the Reef,1979,"547,525",0,"547,525"
Manderlay,2005,"78,378","469,101","547,479"
Madeo,2009,"547,292",0,"547,292"
Diavolo in corpo,1986,"546,904",0,"546,904"
The Unbelievable Truth,1989,"546,541",0,"546,541"
Love & Sex,2000,"546,287",0,"546,287"
Dernier amour,2019,"8,565","536,757","545,322"
A Map of the World,1999,"544,538",0,"544,538"
Malcolm,1986,"544,472",0,"544,472"
Décalage horaire,2002,"544,434",0,"544,434"
American Pastoral,2016,"544,098",0,"544,098"
Fiddler: A Miracle of Miracles,2019,"543,330",0,"543,330"
Double Dhamaal,2011,"543,322",0,"543,322"
Carlston za Ognjenku,2008,0,"543,311","543,311"
Single Action,1998,"543,000",0,"543,000"
Oorlogswinter,2008,"542,860",0,"542,860"
Joshua Then and Now,1985,"542,420",0,"542,420"
Khatta Meetha,2010,"541,904",0,"541,904"
La finestra di fronte,2003,"541,682",0,"541,682"
Strike It Rich,1990,"541,626",0,"541,626"
The Art of the Steal,2009,"541,027",0,"541,027"
Les temps qui changent,2004,"540,400",0,"540,400"
The Age of Shadows,2016,"540,268",0,"540,268"
Nobel Son,2007,"540,183",0,"540,183"
Romance & Cigarettes,2005,"540,085",0,"540,085"
The Assignment,1997,"540,063",0,"540,063"
Refugee,2000,"540,000",0,"540,000"
Buster,1988,"540,000",0,"540,000"
"Peace, Love & Misunderstanding",2011,"539,896",0,"539,896"
"Confess, Fletch",2022,"538,842",0,"538,842"
Jack Goes Boating,2010,"538,808",0,"538,808"
Tom & Viv,1994,"538,534",0,"538,534"
On Any Sunday: The Next Chapter,2014,"538,509",0,"538,509"
The Search for Signs of Inteligent Life in the Universe,1991,"538,216",0,"538,216"
Followed,2020,"538,179",0,"538,179"
Parting Glances,1986,"537,681",0,"537,681"
Kids in America,2005,"537,667",0,"537,667"
Swimming Pool - Der Tod feiert mit,2001,0,"537,225","537,225"
Whispers: An Elephant's Tale,2000,"537,000",0,"537,000"
Passionada,2002,"536,906",0,"536,906"
Incident at Oglala,1992,"536,848",0,"536,848"
20 Dates,1998,"536,767",0,"536,767"
Pick of the Litter,2018,"536,617",0,"536,617"
Eddie and the Cruisers II: Eddie Lives!,1989,"536,508",0,"536,508"
Pather Panchali,1955,"536,364",0,"536,364"
Underneath,1995,"536,023",0,"536,023"
Un baiser s'il vous plaît,2007,"535,428",0,"535,428"
The Virginity Hit,2010,"535,249",0,"535,249"
River of Death,1989,"535,031",0,"535,031"
En la ciudad sin límites,2002,0,"535,000","535,000"
Cattle Annie and Little Britches,1981,"534,816",0,"534,816"
The Squaw Man,1914,"533,446",0,"533,446"
Amores locos,2009,0,"533,412","533,412"
The Punisher,1989,0,"533,411","533,411"
Masked and Anonymous,2003,"533,344",0,"533,344"
Freeheld,2015,"532,988",0,"532,988"
Hangin' with the Homeboys,1991,"532,933",0,"532,933"
Brigsby Bear,2017,"532,669",0,"532,669"
Funny Bones,1995,"532,268",0,"532,268"
Noah's Arc: Jumping the Broom,2008,"532,244",0,"532,244"
Prefontaine,1997,"532,190",0,"532,190"
Et maintenant on va où?,2011,"531,813",0,"531,813"
Standing Ovation,2010,"531,806",0,"531,806"
La danse,2009,"531,762",0,"531,762"
Kajillionaire,2020,"531,430",0,"531,430"
Sex Is...,1993,"530,833",0,"530,833"
"Sex, Drugs, Rock & Roll",1991,"530,392",0,"530,392"
Mademoiselle Chambon,2009,"530,369",0,"530,369"
Things to Do in Denver When You're Dead,1995,"529,766",0,"529,766"
Casa de Areia,2005,"529,323",0,"529,323"
Highway,2014/I,"529,136",0,"529,136"
Crime d'amour,2010,"529,103",0,"529,103"
Earth,1998,"528,972",0,"528,972"
Long Weekend,2021,"528,438",0,"528,438"
Le mépris,1963,"528,428",0,"528,428"
Cuba,1979,"527,540",0,"527,540"
A Great Day in Harlem,1994,"527,274",0,"527,274"
The First Monday in May,2016,"527,258",0,"527,258"
Max,2002/I,"527,019",0,"527,019"
Lady Killers,2003,"527,000",0,"527,000"
Scandalous,1984,"526,805",0,"526,805"
Being Flynn,2012,"526,322",0,"526,322"
Bread and Roses,2000,"525,738",0,"525,738"
Margaret's Museum,1995,"524,963",0,"524,963"
Proof,1991,"524,668",0,"524,668"
The Lonely Passion of Judith Hearne,1987,"523,091",0,"523,091"
The Road to Yesterday,1925,"522,666",0,"522,666"
Alamo Bay,1985,"380,970","141,117","522,087"
Little Big Horn,1951,"521,260",0,"521,260"
Trouble the Water,2008,"519,981",0,"519,981"
Man on Fire,1987,"519,596",0,"519,596"
The Reluctant Fundamentalist,2012,"519,535",0,"519,535"
Wild Nights with Emily,2018,"519,487",0,"519,487"
"Thelonious Monk: Straight, No Chaser",1988,"518,918",0,"518,918"
Mishima: A Life in Four Chapters,1985,"437,547","81,295","518,842"
Federal Hill,1994,"518,663",0,"518,663"
Dom Hemingway,2013,"518,134",0,"518,134"
The Grey Zone,2001,"517,872",0,"517,872"
Listen to Me Marlon,2015,"426,130","91,663","517,793"
Grand Central Murder,1942,"297,000","220,000","517,000"
Homo Faber,1991,"516,517",0,"516,517"
Hachi-gatsu no rapusodî,1991,"516,431",0,"516,431"
Boys,1996,"516,350",0,"516,350"
A Guide to Recognizing Your Saints,2006,"516,139",0,"516,139"
The Trials of Henry Kissinger,2002,"515,678",0,"515,678"
Finding Fanny,2014,"515,393",0,"515,393"
Code Name: Emerald,1985,"515,029",0,"515,029"
Felicidades,2000,0,"514,981","514,981"
Raw,2016/II,"514,870",0,"514,870"
Preacher's Kid,2010,"514,522",0,"514,522"
The Big Ugly,2020,"514,107",0,"514,107"
Little Hercules in 3-D,2009,0,"513,722","513,722"
Amy's Orgasm,2001,"513,572",0,"513,572"
Human Flow,2017,"513,012",0,"513,012"
The Girl Next Door,1999,"512,995",0,"512,995"
Le nom des gens,2010,"512,668",0,"512,668"
Big Eden,2000,"512,451",0,"512,451"
Safe,1995,"512,245",0,"512,245"
Delgo,2008,"511,920",0,"511,920"
The One I Love,2014,"511,635",0,"511,635"
Unsullied,2014,"510,957",0,"510,957"
The Tall Guy,1989,"510,712",0,"510,712"
Jaan-E-Mann: Let's Fall in Love... Again,2006,"510,000",0,"510,000"
Radio City Revels,1938,"510,000",0,"510,000"
The Cock-Eyed World,1929,"509,185",0,"509,185"
Madison,2001,"508,867",0,"508,867"
Tracks,2013/I,"508,806",0,"508,806"
Grave,2016/II,"508,425",0,"508,425"
Fitoor,2016,"506,806",0,"506,806"
The Two Faces of January,2014,"506,067",0,"506,067"
Manna from Heaven,2002,"505,675",0,"505,675"
Waar is het paard van Sinterklaas?,2007,0,"505,541","505,541"
Travellers and Magicians,2003,"505,295",0,"505,295"
Shut Up and Play the Hits,2012,"505,154",0,"505,154"
Pound Puppies and the Legend of Big Paw,1988,"504,636",0,"504,636"
Los amantes del Círculo Polar,1998,"504,223",0,"504,223"
Besharam,2013,"504,000",0,"504,000"
Gin gwai,2002,"503,714",0,"503,714"
Manny & Lo,1996,"502,313",0,"502,313"
Dream Lover,1986,"502,237",0,"502,237"
The Forgotten Carols,2020,"502,219",0,"502,219"
Vozvrashchenie,2003,"502,028",0,"502,028"
Cube,1997,"501,818",0,"501,818"
Scatter My Ashes at Bergdorf's,2013,"501,625",0,"501,625"
Back in the U.S.S.R.,1992,"501,036",0,"501,036"
Big Brother Trouble,2000,"500,976",0,"500,976"
Traveller,1997,"500,649",0,"500,649"
The Killing Time,1987,"500,283",0,"500,283"
Echelon Conspiracy,2009,"500,154",0,"500,154"
Monsters and Men,2018,"500,101",0,"500,101"
Westward Ho,1935,"500,000",0,"500,000"
"""Bad Game Sunday!""",2015,"500,000",0,"500,000"
Flying Saucer Rock 'N' Roll,2006,"500,000",0,"500,000"
Hardware Wars,1978,"500,000",0,"500,000"
Borsalino,1970,"500,000",0,"500,000"
Madam Satan,1930,"500,000",0,"500,000"
Sora no daikaijû Radon,1956,"500,000",0,"500,000"
Ivansxtc,2000,"47,027","452,973","500,000"
A Polish Vampire in Burbank,1983,"500,000",0,"500,000"
Mi verano con Amanda 3,2013,0,"500,000","500,000"
Tawipop,2004,0,"500,000","500,000"
Not Tonight Henry,1960,"500,000",0,"500,000"
Veer,2010,"499,685",0,"499,685"
Peggy Guggenheim: Art Addict,2015,"498,428",0,"498,428"
La Femme Vampir,2009,0,"498,000","498,000"
Ava,2020,"497,747",0,"497,747"
Bride Flight,2008,"497,252",0,"497,252"
Romola,1924,"497,234",0,"497,234"
The Five Senses,1999,"497,091",0,"497,091"
Marguerite,2015,"496,161",0,"496,161"
"Mr. Death: The Rise and Fall of Fred A. Leuchter, Jr.",1999,"495,318",0,"495,318"
Romuald et Juliette,1989,"495,063",0,"495,063"
Steve Jobs: The Man in the Machine,2015,"494,461",0,"494,461"
The Grass Harp,1995,"493,007",0,"493,007"
Hands on a Hardbody: The Documentary,1997,"492,876",0,"492,876"
Jack's Back,1988,"492,519",0,"492,519"
Jackals,1986,"492,367",0,"492,367"
Comment faire l'amour avec un nègre sans se fatiguer,1989,"491,193",0,"491,193"
Tape,2001,"490,475",0,"490,475"
Breathe,2017/I,"490,131",0,"490,131"
Commandments,1997,"488,419",0,"488,419"
Bonneville,2006,"488,393",0,"488,393"
L'argent de poche,1976,"38,296","449,797","488,093"
Kiss Me a Killer,1991,"487,632",0,"487,632"
The Inevitable Defeat of Mister & Pete,2013,"487,348",0,"487,348"
Krazzy 4,2008,"487,215",0,"487,215"
September,1987,"486,434",0,"486,434"
Paranoid Park,2007,"486,021",0,"486,021"
Meet the Applegates,1990,"485,772",0,"485,772"
Once Upon a Time,2017/I,"485,728",0,"485,728"
Ai Weiwei: Never Sorry,2012,"485,519",0,"485,519"
23 Blast,2014,"485,128",0,"485,128"
Deli Man,2014,"484,000",0,"484,000"
Castaway,1986,"483,460",0,"483,460"
Tale of the Mummy,1998,0,"483,041","483,041"
The Black Panthers: Vanguard of the Revolution,2015,"482,396",0,"482,396"
God's Country,2022,"482,392",0,"482,392"
Les égarés,2003,"482,357",0,"482,357"
Somewhere Only We Know,2008,"482,013",0,"482,013"
100 Feet,2008,0,"481,671","481,671"
Habemus Papam,2011,"480,926",0,"480,926"
For the Love of Money,2021,"480,774",0,"480,774"
Little Ashes,2008,"480,339",0,"480,339"
Loco cielo de Abril,2014,0,"480,334","480,334"
DOA: Dead or Alive,2006,"480,314",0,"480,314"
Attack of the 50 Foot Woman,1958,"480,000",0,"480,000"
Comedian Harmonists,1997,"479,828",0,"479,828"
Kismat Konnection,2008,"479,759",0,"479,759"
Crossing the Bridge,1992,"479,676",0,"479,676"
Just Another Girl on the I.R.T.,1992,"479,169",0,"479,169"
The Second Jungle Book: Mowgli & Baloo,1997,"479,099",0,"479,099"
Nine Lives,2005,"478,645",0,"478,645"
Brotherly Love,2015/III,"478,595",0,"478,595"
Joueuse,2009,"478,572",0,"478,572"
Joshua,2007,"478,492",0,"478,492"
Love Wrecked,2005,"478,070",0,"478,070"
Still Crazy,1998,"477,903",0,"477,903"
Place Vendôme,1998,"477,425",0,"477,425"
Der Baader Meinhof Komplex,2008,"476,270",0,"476,270"
Enemies of Women,1923,"476,080",0,"476,080"
Broken English,1996,"476,070",0,"476,070"
Casa de los babys,2003,"475,940",0,"475,940"
Gongjo,2017,"475,618",0,"475,618"
National Champions,2021,"475,488",0,"475,488"
Beer League,2006,"475,000",0,"475,000"
Plunkett & Macleane,1999,"474,900",0,"474,900"
Badkonake sefid,1995,"474,047",0,"474,047"
Aaja Nachle,2007,"473,806",0,"473,806"
Caro diario,1993,"472,598",0,"472,598"
Party Girl,1995,"472,370",0,"472,370"
Fast Food,1989,"472,340",0,"472,340"
Mac,1992,"471,120",0,"471,120"
The Run of the Country,1995,"470,768",0,"470,768"
JCVD,2008,"470,691",0,"470,691"
Secrets,1924,"470,454",0,"470,454"
The Last September,1999,"469,974",0,"469,974"
A Pyromaniac's Love Story,1995,"468,240",0,"468,240"
Phillauri,2017,"467,702",0,"467,702"
Judy Berlin,1999,"467,313",0,"467,313"
The Flat,2011,"467,022",0,"467,022"
Submarine,2010,"466,702",0,"466,702"
Apprentice to Murder,1988,"466,369",0,"466,369"
Last Days in Vietnam,2014,"466,114",0,"466,114"
Kissed,1996,"465,417",0,"465,417"
The Great White Way,1924,"465,365",0,"465,365"
Church Ball,2006,"464,991",0,"464,991"
Leokki,2016,"464,715",0,"464,715"
Dream with the Fishes,1997,"464,655",0,"464,655"
The Browning Version,1994,"464,423",0,"464,423"
Dorothy Vernon of Haddon Hall,1924,"464,418",0,"464,418"
Blue Car,2002,"464,126",0,"464,126"
Slaves of New York,1989,"463,972",0,"463,972"
The Last Shot,2004,"463,730",0,"463,730"
Dillagi,1999,"463,159",0,"463,159"
A Summer Story,1988,"462,813",0,"462,813"
Romeo & Juliet: Sealed with a Kiss,2005,"462,689",0,"462,689"
Thank You,2011/I,"462,609",0,"462,609"
Pacto de brujas,2003,0,"462,333","462,333"
Buscando un sueño,1997,"461,661",0,"461,661"
Umimachi Diary,2015,"461,263",0,"461,263"
Profesionalac,2003,0,"460,761","460,761"
Walk Like a Man,1987,"460,608",0,"460,608"
Grapes on a Vine,2008,"459,827",0,"459,827"
The House on Carroll Street,1988,"459,824",0,"459,824"
Christmas Jars,2019,"459,466",0,"459,466"
Le voyage du ballon rouge,2007,"459,364",0,"459,364"
The Stone Angel,2007,"459,166",0,"459,166"
The Shrimp on the Barbie,1990,"458,996",0,"458,996"
Mutafukaz,2017,"226,548","232,301","458,849"
The Myth of Fingerprints,1997,"458,815",0,"458,815"
Lucie Aubrac,1997,"458,557",0,"458,557"
Sinsegye,2013,"457,806",0,"457,806"
Dear Comrade,2019,"457,000",0,"457,000"
Killer of Sheep,1978,"404,508","51,951","456,459"
Mùa hè chieu thang dung,2000,"456,387",0,"456,387"
McBain,1991,"456,127",0,"456,127"
Chui lung,2017,"455,493",0,"455,493"
Weekend,2011/II,"455,459",0,"455,459"
Une femme de ménage,2002,"455,026",0,"455,026"
Pearl Jam Twenty,2011,"454,784",0,"454,784"
La promesse,1996,"454,720",0,"454,720"
Last Days,2005,"454,711",0,"454,711"
Suriyothai,2001,"454,255",0,"454,255"
Crossing Over,2009,"454,149",0,"454,149"
Rain,2001/III,"453,517",0,"453,517"
The Most Dangerous Man in America: Daniel Ellsberg and the Pentagon Papers,2009,"453,483",0,"453,483"
The Extra Man,2010,"453,079",0,"453,079"
Relax... It's Just Sex,1998,"452,654",0,"452,654"
Na ge bu gou,1999,0,"452,000","452,000"
Full Moon in Blue Water,1988,"450,726",0,"450,726"
Dnevnoy dozor,2006,"450,686",0,"450,686"
Schpaaa,1998,0,"450,552","450,552"
White Star,1983,"450,000",0,"450,000"
Walking the Camino: Six Ways to Santiago,2013,"450,000",0,"450,000"
Side Out,1990,"449,868",0,"449,868"
Circumstance,2011,"449,759",0,"449,759"
Ich bin dein Mensch,2021,"275,158","174,570","449,728"
Die Macht der Bilder: Leni Riefenstahl,1993,"449,707",0,"449,707"
Pettson och Findus - Kattonauten,2000,0,"449,666","449,666"
The Damned United,2009,"449,558",0,"449,558"
Shingeki no kyojin,2015,"449,523",0,"449,523"
Lockdown,2000,"449,482",0,"449,482"
L'emploi du temps,2001,"448,375",0,"448,375"
American Cyborg: Steel Warrior,1993,"447,784",0,"447,784"
Brother,2000/I,"447,750",0,"447,750"
Zan men jie hun ba,2015,"447,648",0,"447,648"
Félix et Meira,2014,"447,353",0,"447,353"
"""Dekalog""",1989,"447,093",0,"447,093"
The Triumph of Love,2001,"446,942",0,"446,942"
Nadja,1994,"446,934",0,"446,934"
Why Worry?,1923,"446,863",0,"446,863"
Bakemono no ko,2015,"446,142",0,"446,142"
Callas Forever,2002,"445,996",0,"445,996"
I Am Trying to Break Your Heart,2002,"445,521",0,"445,521"
Wiener-Dog,2016,"445,392",0,"445,392"
Jibeuro,2002,"444,931",0,"444,931"
The Whoopee Boys,1986,"444,746",0,"444,746"
The Heart of the Game,2005,"444,687",0,"444,687"
Clockwatchers,1997,"444,354",0,"444,354"
Upstream Color,2013,"444,098",0,"444,098"
The Rainbow,1989,"444,055",0,"444,055"
Song to Song,2017,"443,684",0,"443,684"
A Month in the Country,1987,"443,524",0,"443,524"
It's All About Love,2003,"6,140","437,260","443,400"
Merci pour le chocolat,2000,"443,238",0,"443,238"
The Last Supper,1995/I,"442,965",0,"442,965"
La domenica specialmente,1991,"442,676",0,"442,676"
The Hammer,2007,"442,638",0,"442,638"
The Beautiful Country,2004,"442,612",0,"442,612"
As You Like It,2006,0,"442,544","442,544"
Dishoom,2016,"442,299",0,"442,299"
"'night, Mother",1986,"441,863",0,"441,863"
Kurt & Courtney,1998,"441,808",0,"441,808"
Paria,2000,"441,496",0,"441,496"
Teen Spirit,2018,"441,366",0,"441,366"
No One Killed Jessica,2011,"440,525",0,"440,525"
On the Edge,1986,"440,438",0,"440,438"
When the Road Bends... Tales of a Gypsy Caravan,2006,"440,357",0,"440,357"
Laggies,2014,"440,338",0,"440,338"
Gimme Danger,2016,"439,748",0,"439,748"
Forgive Me Father,2001,"438,906",0,"438,906"
Don't Come Knocking,2005,"438,732",0,"438,732"
Idiocracy,2006,"438,653",0,"438,653"
Une affaire de femmes,1988,"438,483",0,"438,483"
Wo bu shi Pan Jin Lian,2016,"436,596",0,"436,596"
Dorm Daze,2003,"56,127","380,238","436,365"
In a Moment of Passion,1993,"436,132",0,"436,132"
Sleeping Beauty,2011,"37,710","397,758","435,468"
True History of the Kelly Gang,2019,"32,949","402,419","435,368"
Yut mun Hinneisi,2010,0,"435,220","435,220"
Mourning Becomes Electra,1947,"435,000",0,"435,000"
Savage Grace,2007,"434,417",0,"434,417"
Tully,2000,"433,264",0,"433,264"
Kangaroo,1986,"432,266",0,"432,266"
The Second Chance,2006,"432,253",0,"432,253"
Dillagi,1978,"432,200",0,"432,200"
Vision - Aus dem Leben der Hildegard von Bingen,2009,"431,881",0,"431,881"
Othello,1989,"431,795",0,"431,795"
Brian and Charles,2022,"430,635",0,"430,635"
Just the Ticket,1999/I,"430,404",0,"430,404"
The Affair of the Necklace,2001,"430,313",0,"430,313"
Dog Pound,2010,0,"430,041","430,041"
Lymelife,2008,"429,307",0,"429,307"
Fiorile,1993,"429,184",0,"429,184"
Track 29,1988,"429,028",0,"429,028"
Tashan,2008,"428,923",0,"428,923"
Body Snatchers,1993,"428,868",0,"428,868"
La vie et rien d'autre,1989,"428,758",0,"428,758"
Luminarias,2000,"428,535",0,"428,535"
When Do We Eat?,2005,"428,432",0,"428,432"
Mortuary,2005/I,0,"427,894","427,894"
Break Ke Baad,2010,"427,628",0,"427,628"
Maccheroni,1985,"427,298",0,"427,298"
Last Rites,1988,"426,965",0,"426,965"
Janice Meredith,1924,"426,872",0,"426,872"
Ah sì? E io lo dico a Zzzzorro!,1975,0,"426,837","426,837"
Dark Days,2000,"426,687",0,"426,687"
Kiki,1931,"426,513",0,"426,513"
I Want Your Money,2010,"425,899",0,"425,899"
Wild Man Blues,1997,"425,788",0,"425,788"
En Brazos de un Asesino,2019,"425,310",0,"425,310"
Saint Laurent,2014,"425,249",0,"425,249"
The Limits of Control,2009,"425,025",0,"425,025"
Drowning by Numbers,1988,"424,773",0,"424,773"
Primer,2004,"424,760",0,"424,760"
A Romance of the Redwoods,1917,"424,719",0,"424,719"
Flag Day,2021,"424,667",0,"424,667"
Conversations with God,2006,"422,897",0,"422,897"
The Hard Word,2002,"422,688",0,"422,688"
Tiger Warsaw,1988,"422,667",0,"422,667"
Storyville,1992,"422,503",0,"422,503"
Sound City,2013,"422,417",0,"422,417"
The Good Father,1985,"421,201",0,"421,201"
She's Beautiful When She's Angry,2014,"420,593",0,"420,593"
In Secret,2013,"420,266",0,"420,266"
Ferrari Ki Sawaari,2012,"420,046",0,"420,046"
The Last Days,1998,"419,762",0,"419,762"
Out of the Dark,1988,"419,428",0,"419,428"
Bride of the Wind,2001,"419,414",0,"419,414"
The Leopard Son,1996,"419,038",0,"419,038"
Killing Zoe,1993,"418,953",0,"418,953"
Voiceless,2015,"418,940",0,"418,940"
True Colors,1991,"418,807",0,"418,807"
My Dark Days,2001,"418,700",0,"418,700"
The Oh in Ohio,2006,"418,689",0,"418,689"
Heart of a Dog,2015,"418,571",0,"418,571"
Aloha Summer,1988,"418,379",0,"418,379"
How to Get Ahead in Advertising,1989,"418,053",0,"418,053"
Du rififi chez les hommes,1955,"418,016",0,"418,016"
Let's Talk About Sex,1998,"417,827",0,"417,827"
Yi sheng yi shi,2014,"417,558",0,"417,558"
8 ½ Women,1999,"417,517",0,"417,517"
Dictado,2012,0,"417,144","417,144"
Dirty Wars,2013,"384,473","32,380","416,853"
Vénus beauté (institut),1999,"416,464",0,"416,464"
Interview,2007/I,"416,417",0,"416,417"
Desert Bloom,1986,"416,393",0,"416,393"
Mugabe and the White African,2009,"4,542","410,458","415,000"
Le bonheur est dans le pré,1995,"414,736",0,"414,736"
Cold in July,2014,"414,623",0,"414,623"
Ek Villain,2014,"414,116",0,"414,116"
Unagi,1997,"413,793",0,"413,793"
In the Realms of the Unreal,2004,"413,708",0,"413,708"
Wonderland,1999,"413,595",0,"413,595"
Kapringen,2012,"413,276",0,"413,276"
Crisis,2021,"413,053",0,"413,053"
Porn Star: The Legend of Ron Jeremy,2001,"411,897",0,"411,897"
One Exciting Night,1922,"411,420",0,"411,420"
The Hunting Ground,2015,"405,917","5,198","411,115"
CQ,2001,"411,034",0,"411,034"
Number One with a Bullet,1987,"410,952",0,"410,952"
Ultra Warrior,1990,"410,880",0,"410,880"
Janis: Little Girl Blue,2015,"410,465",0,"410,465"
Suchîmubôi,2004,"410,388",0,"410,388"
Spun,2002,"410,241",0,"410,241"
36 fillette,1988,"410,109",0,"410,109"
Project Nim,2011,"410,077",0,"410,077"
La fille coupée en deux,2007,"409,658",0,"409,658"
Wo shi zheng ren,2015,"409,644",0,"409,644"
Elles étaient cinq,2004,"408,966",0,"408,966"
Triumph of the Spirit,1989,"408,839",0,"408,839"
Tuvalu,1999,"408,744",0,"408,744"
I'm Still Here,2010/I,"408,719",0,"408,719"
La belle noiseuse,1991,"408,571",0,"408,571"
My Son the Fanatic,1997,"408,339",0,"408,339"
Three Weeks,1924,"408,275",0,"408,275"
Touch,1997,"408,097",0,"408,097"
Chamaco,2009,"408,000",0,"408,000"
3 Ninjas Knuckle Up,1995,"407,618",0,"407,618"
Journey to Shiloh,1968,"407,500",0,"407,500"
Mobsters and Mormons,2005,"407,139",0,"407,139"
Humpday,2009,"406,943",0,"406,943"
Madame Sans-Gêne,1925,"406,892",0,"406,892"
Slam Dance,1987,"406,881",0,"406,881"
Pyrus på pletten,2000,0,"406,860","406,860"
Chasing Trane: The John Coltrane Documentary,2016,"406,284",0,"406,284"
The Promotion,2008,"406,252",0,"406,252"
Har Dil Jo Pyar Karega...,2000,"406,235",0,"406,235"
The Believer,2001,"406,035",0,"406,035"
Buddy Games,2019,"405,904",0,"405,904"
The Tempest,2010/I,"277,943","127,918","405,861"
Knafayim Shvurot,2002,"405,858",0,"405,858"
Sound of My Voice,2011,"405,614",0,"405,614"
I Went Down,1997,"405,297",0,"405,297"
Little Secrets,2001,"405,182",0,"405,182"
Jude,1996,"405,144",0,"405,144"
A Woman's Tale,1991,"405,137",0,"405,137"
The Square,2008,"404,898",0,"404,898"
Ya ostayus,2007,0,"404,785","404,785"
Hum Tumhare Hain Sanam,2002,"404,000",0,"404,000"
Shortcut,2020,"403,825",0,"403,825"
Les herbes folles,2009,"403,649",0,"403,649"
Girls Town,1996,"403,311",0,"403,311"
Baiohazâdo: Dijenerêshon,2008,0,"403,117","403,117"
Snow Angels,2007/I,"402,820",0,"402,820"
A Wake in Providence,1999,"402,805",0,"402,805"
Fire,1996,"402,749",0,"402,749"
Paramedics,1988,"402,619",0,"402,619"
And You Thought Your Parents Were Weird,1991,"402,539",0,"402,539"
Last Summer in the Hamptons,1995,"402,091",0,"402,091"
L'école de la chair,1998,"401,786",0,"401,786"
The Little Traitor,2007,"401,538",0,"401,538"
The Oath,2018,"401,464",0,"401,464"
Some Girls,1988,"401,421",0,"401,421"
Mama ne goryuy 2,2005,0,"400,878","400,878"
We the Animals,2018,"400,746",0,"400,746"
Today's Special,2009,"400,654",0,"400,654"
Foolish Wives,1922,"400,200",0,"400,200"
God's Pocket,2014,"104,401","295,793","400,194"
From Philadelphia to Fallujah,2011,"400,000",0,"400,000"
Warm Nights on a Slow Moving Train,1988,"400,000",0,"400,000"
Jindabyne,2006,"399,879",0,"399,879"
The Loss of Sexual Innocence,1999,"399,793",0,"399,793"
Bandit Queen,1994,"399,748",0,"399,748"
The 5th Quarter,2010,"399,611",0,"399,611"
L'arciere di fuoco,1971,0,"399,066","399,066"
Amandla! A Revolution in Four Part Harmony,2002,"398,981",0,"398,981"
Mafioso,1962,"398,614",0,"398,614"
The Mystic Masseur,2001,"398,610",0,"398,610"
Brooklyn Rules,2007,"398,420",0,"398,420"
Antichrist,2009,"397,070",0,"397,070"
The Adjuster,1991,"396,573",0,"396,573"
Yes,2004/I,"396,035",0,"396,035"
Yu pu tuan: Tou qing bao jian,1991,"396,003",0,"396,003"
My Life Without Me,2003,"395,592",0,"395,592"
Still We Believe: The Boston Red Sox Movie,2004,"395,362",0,"395,362"
Golden Gate,1993,"395,105",0,"395,105"
Rachel and the Stranger,1948,"395,000",0,"395,000"
Dogfight,1991,"394,631",0,"394,631"
The Holcroft Covenant,1985,"393,825",0,"393,825"
Monos,2019,"392,693",0,"392,693"
Mother Night,1996,"392,362",0,"392,362"
Hamara Dil Aapke Paas Hai,2000,"392,076",0,"392,076"
End of the Century,2003,"391,950",0,"391,950"
Tyson's Run,2022,"391,167",0,"391,167"
Yadon ilaheyya,2002,"390,847",0,"390,847"
Seeking Justice,2011,"390,571",0,"390,571"
Phata Poster Nikhla Hero,2013,"390,207",0,"390,207"
Where the Day Takes You,1991,"390,152",0,"390,152"
Boardinghouse,1982,"390,000",0,"390,000"
Tiny Furniture,2010,"389,804",0,"389,804"
Search and Destroy,1995,"389,731",0,"389,731"
Piranha Part Two: The Spawning,1981,0,"389,106","389,106"
Azúcar amarga,1996,"388,730",0,"388,730"
Komissar,1967,"388,029",0,"388,029"
Ain't Them Bodies Saints,2013,"387,606",0,"387,606"
A Woman of Paris: A Drama of Fate,1923,"387,391",0,"387,391"
Dykkerne,2000,0,"387,281","387,281"
Freetown,2015,"387,130",0,"387,130"
Âya to majo,2020,"173,704","213,200","386,904"
Voor een verloren soldaat,1992,"386,329",0,"386,329"
Survival of the Dead,2009,"101,740","284,338","386,078"
Turtle,2011,"386,073",0,"386,073"
Blizzard,2003,"385,810",0,"385,810"
Sylvester,1985,"385,687",0,"385,687"
La fille du puisatier,2011,"385,406",0,"385,406"
The Wedding Guest,2018,"385,397",0,"385,397"
Brødre,2004,"384,982",0,"384,982"
Where in the World Is Osama Bin Laden?,2008,"384,955",0,"384,955"
Little Manhattan,2005,"384,924",0,"384,924"
Flamenco,1995,"384,374",0,"384,374"
Honey Britches,1971,"384,276",0,"384,276"
Kynodontas,2009,"110,248","273,899","384,147"
"Scotland, Pa.",2001,"384,098",0,"384,098"
American Heart,1992,"384,048",0,"384,048"
Hesher,2010,"382,946",0,"382,946"
Sweet Talker,1991,"382,510",0,"382,510"
Soorma,2018,"382,104",0,"382,104"
The Hummingbird Project,2018,"369,700","12,282","381,982"
Gospa,1995,"381,804",0,"381,804"
The Armstrong Lie,2013,"381,703",0,"381,703"
A3 - Rock'n'Roll uzvraca udarac,2006,0,"381,369","381,369"
Short Cut to Nirvana: Kumbh Mela,2004,"381,225",0,"381,225"
The Quiet,2005,"381,186",0,"381,186"
Bittersweet Motel,2000,"380,927",0,"380,927"
Humpty Sharma Ki Dulhania,2014,"380,011",0,"380,011"
At Any Price,2012,"379,791",0,"379,791"
The Last Sin Eater,2007,"379,643",0,"379,643"
Íslenski draumurinn,2000,0,"379,430","379,430"
Clubland,2007,"378,921",0,"378,921"
Germinal,1993,"378,854",0,"378,854"
Head On,1998,"378,667",0,"378,667"
Rebel in the Rye,2017,"378,294",0,"378,294"
Session 9,2001,"378,176",0,"378,176"
La marca del Hombre Lobo,1968,0,"377,599","377,599"
James Joyce's Women,1985,"377,551",0,"377,551"
Artemisia,1997,"377,512",0,"377,512"
Gui lai,2014,"377,420",0,"377,420"
Pride and Prejudice,2003,"377,271",0,"377,271"
Killer,1994,"377,108",0,"377,108"
Swimming with Sharks,1994,"376,928",0,"376,928"
Im toten Winkel - Hitlers Sekretärin,2002,"376,886",0,"376,886"
Hochelaga,2000,"376,714",0,"376,714"
Lily in Love,1984,"376,686",0,"376,686"
The Hunting of the President,2004,"376,552",0,"376,552"
Frozen Assets,1992,"376,008",0,"376,008"
Lajja,2001,"376,000",0,"376,000"
Smashed,2012,"375,981",0,"375,981"
Hae-jeok: Ba-da-ro gan san-jeok,2014,"375,907",0,"375,907"
3 Ninjas: High Noon at Mega Mountain,1998,"375,805",0,"375,805"
Que Horas Ela Volta?,2015,"375,723",0,"375,723"
The Syrian Bride,2004,"375,574",0,"375,574"
The Game of Their Lives,2005,"375,474",0,"375,474"
Lootera,2013/I,"375,442",0,"375,442"
Asylum,2005,"374,903",0,"374,903"
Southland Tales,2006,"275,380","99,363","374,743"
Into the Arms of Strangers: Stories of the Kindertransport,2000,"374,555",0,"374,555"
Inferno in diretta,1985,"374,530",0,"374,530"
Annie Brocoli dans les fonds marins,2003,"374,360",0,"374,360"
Keep the Aspidistra Flying,1997,"373,830",0,"373,830"
The Decline of Western Civilization Part II: The Metal Years,1988,"373,743",0,"373,743"
Ascenseur pour l'échafaud,1958,"373,597",0,"373,597"
Joe,2013/I,"373,375",0,"373,375"
Fish Tank,2009,"373,060",0,"373,060"
Alice,2022,"373,037",0,"373,037"
Signé Charlotte,1985,"372,639",0,"372,639"
Movers & Shakers,1985,"372,438",0,"372,438"
Bent,1997,"372,341",0,"372,341"
Le cercle rouge,1970,"372,229",0,"372,229"
Nothing Is Private,2007,"371,446",0,"371,446"
Miral,2010,"371,352",0,"371,352"
Positive I.D.,1986,"371,313",0,"371,313"
House of D,2004,"371,081",0,"371,081"
Badlapur,2015,"370,843",0,"370,843"
Gandahar,1988,"370,698",0,"370,698"
Shadowboxer,2005,"370,627",0,"370,627"
Karmina,1996,"370,000",0,"370,000"
Hava Nagila: The Movie,2012,"369,753",0,"369,753"
Shootout at Wadala,2013,"369,310",0,"369,310"
Cortázar,1994,"369,018",0,"369,018"
The Minus Man,1999,"368,808",0,"368,808"
Abre los ojos,1997,"368,234",0,"368,234"
Solas,1999,"367,939",0,"367,939"
When Comedy Went to School,2013,"367,913",0,"367,913"
Lebanon,2009,"367,798",0,"367,798"
Danzón,1991,"367,425",0,"367,425"
Santitos,1999,"367,396",0,"367,396"
Highwaymen,2004,"367,027",0,"367,027"
Der bewegte Mann,1994,"366,506",0,"366,506"
The Brown Bunny,2003,"365,734",0,"365,734"
How to Get the Man's Foot Outta Your Ass,2003,"365,727",0,"365,727"
Glen Campbell: I'll Be Me,2014,"365,522",0,"365,522"
She Hate Me,2004,"365,134",0,"365,134"
Katti Batti,2015,"364,932",0,"364,932"
The Oranges,2011,"364,875",0,"364,875"
Clemency,2019,"364,716",0,"364,716"
Nostradamus,1994,"364,164",0,"364,164"
The Toxic Avenger Part III: The Last Temptation of Toxie,1989,"363,561",0,"363,561"
Drôle de Félix,2000,"363,409",0,"363,409"
Knallharte Jungs,2002,0,"362,846","362,846"
Rundskop,2011,"151,840","210,767","362,607"
Grand Masti,2013,"362,560",0,"362,560"
All I See Is You,2016,"217,644","144,076","361,720"
Six Minutes to Midnight,2020,"106,785","254,524","361,309"
The Source: The Story of the Beats and the Beat Generation,1999,"360,895",0,"360,895"
Pozitia copilului,2013,"360,717",0,"360,717"
I Will Follow,2010,"360,000",0,"360,000"
Letters from Baghdad,2016,"359,735",0,"359,735"
Grateful Dawg,2000,"359,237",0,"359,237"
Rosenwald,2015,"359,187",0,"359,187"
I'll Sleep When I'm Dead,2003,"358,804",0,"358,804"
Revolution,1985,"358,574",0,"358,574"
Enduring Love,2004,"358,262",0,"358,262"
American Ninja 4: The Annihilation,1990,"358,047",0,"358,047"
Pukar,2000,"357,422",0,"357,422"
Gong fu yu jia,2017,"357,263",0,"357,263"
A Grande Arte,1991,"356,825",0,"356,825"
Lovelace,2013,"356,582",0,"356,582"
Detropia,2012,"356,172",0,"356,172"
Trust,1990,"356,122",0,"356,122"
Iron & Silk,1990,"356,077",0,"356,077"
Mr. Donkey,2016,"356,023",0,"356,023"
Kaho Naa... Pyaar Hai,2000,"356,000",0,"356,000"
Lan feng zheng,1993,"355,974",0,"355,974"
Deewane Huye Paagal,2005,"355,962",0,"355,962"
9 rota,2005,0,"355,720","355,720"
Luck by Chance,2009,"355,492",0,"355,492"
The Lady,2011,"355,391",0,"355,391"
Rumpelstiltskin,1987,"355,253",0,"355,253"
Shi,2010,"355,044",0,"355,044"
Eat That Question: Frank Zappa in His Own Words,2016,"354,981",0,"354,981"
Prison,1987,"354,704",0,"354,704"
Dans la maison,2012,"354,244",0,"354,244"
The Tomorrow Man,2019,"354,103",0,"354,103"
Buffalo Soldiers,2001,"353,743",0,"353,743"
Branded,2012,"353,468",0,"353,468"
Comment ma mère accoucha de moi durant sa ménopause,2003,"353,275",0,"353,275"
Like Dandelion Dust,2009,"352,810",0,"352,810"
Copying Beethoven,2006,"352,786",0,"352,786"
Khiladi 786,2012,"352,684",0,"352,684"
Weekend Warriors,1986,"351,623",0,"351,623"
INU-OH,2021,"351,080",0,"351,080"
Tokyo!,2008,"351,059",0,"351,059"
Everybody Wants to Be Italian,2007,"350,801",0,"350,801"
Summer Heat,1987,"350,481",0,"350,481"
Country Life,1994,"350,354",0,"350,354"
Aftermath,2015/VII,"350,000",0,"350,000"
Prisoner of Japan,1942,"350,000",0,"350,000"
Naughty Kids: Operation New Year,2012,0,"350,000","350,000"
Octobre,1994,"349,633",0,"349,633"
Another Day of Life,2018,"3,190","346,442","349,632"
Due occhi diabolici,1990,"349,618",0,"349,618"
Salmer fra kjøkkenet,2003,"349,315",0,"349,315"
Happy Bhag Jayegi,2016,"349,099",0,"349,099"
Pearl Jam: Let's Play Two,2017,"348,833",0,"348,833"
"Crna macka, beli macor",1998,"348,660",0,"348,660"
Keep the River on Your Right: A Modern Cannibal Tale,2000,"348,507",0,"348,507"
La herencia Valdemar II: La sombra prohibida,2010,0,"348,272","348,272"
Hum Tum,2004,"348,149",0,"348,149"
Krámpack,2000,"347,986",0,"347,986"
Une liaison pornographique,1999,"347,808",0,"347,808"
Maps to the Stars,2014,"347,648",0,"347,648"
Teeth,2007/I,"347,578",0,"347,578"
Noble,2014,"347,321",0,"347,321"
Charlie,2004,0,"347,298","347,298"
In the Bleak Midwinter,1995,"346,839",0,"346,839"
La famiglia,1987,"346,730",0,"346,730"
My Name Is Joe,1998,"346,696",0,"346,696"
The Deceivers,1988,"346,297",0,"346,297"
The Merry Gentleman,2008,"346,286",0,"346,286"
Singham,2011,"345,125",0,"345,125"
Patti Rocks,1988,"345,000",0,"345,000"
Depuis qu'Otar est parti...,2003,"344,974",0,"344,974"
I Think I Do,1997,"344,665",0,"344,665"
Photograph,2019,"344,534",0,"344,534"
It Takes Two,1988,"344,375",0,"344,375"
Roozi ke zan shodam,2000,"344,235",0,"344,235"
Hooligans,2005,"344,095",0,"344,095"
Windy City,1984,"343,890",0,"343,890"
The United States of Leland,2003,"343,816",0,"343,816"
Tapeheads,1988,"343,786",0,"343,786"
On the One,2005,"343,522",0,"343,522"
Effie Gray,2014,"343,257",0,"343,257"
West Beyrouth (À l'abri les enfants),1998,"343,229",0,"343,229"
High-Rise,2015,"343,139",0,"343,139"
Vulnerables,2012,0,"343,138","343,138"
Love Is the Devil: Study for a Portrait of Francis Bacon,1998,"343,023",0,"343,023"
Drinking Buddies,2013,"342,936",0,"342,936"
American Adobo,2001,"342,855",0,"342,855"
Sleuth,2007,"342,835",0,"342,835"
Aarakshan,2011,"342,801",0,"342,801"
Comme un chef,2012,"342,667",0,"342,667"
Talvar,2015,"342,370",0,"342,370"
The Dying Gaul,2005/I,"342,297",0,"342,297"
Koch,2012,"342,212",0,"342,212"
Uranus,1990,"342,198",0,"342,198"
La Vénus à la fourrure,2013,"342,183",0,"342,183"
Marilyn Hotchkiss' Ballroom Dancing & Charm School,2005,"341,897",0,"341,897"
Uchû daisensô,1959,0,"341,666","341,666"
Hôtel Terminus,1988,"341,018",0,"341,018"
La princesse de Montpensier,2010,"340,917",0,"340,917"
Jimi: All Is by My Side,2013,"340,911",0,"340,911"
Meduzot,2007,"340,906",0,"340,906"
Creation,2009/I,"340,611",0,"340,611"
The Woman God Forgot,1917,"340,505",0,"340,505"
[Anti]killer,2002,0,"340,312","340,312"
The Forgiven,2021,"340,222",0,"340,222"
Carter High,2015,"340,214",0,"340,214"
Swoon,1992,"340,147",0,"340,147"
Kaal,2005,"340,091",0,"340,091"
Total Eclipse,1995,"339,889",0,"339,889"
Diane,2018,"339,774",0,"339,774"
Flee,2021,"339,754",0,"339,754"
Welcome to Sarajevo,1997,"339,648",0,"339,648"
Red Hook Summer,2012,"338,803",0,"338,803"
Bewafaa,2005,"338,087",0,"338,087"
Night Game,1989,"337,812",0,"337,812"
Le silence de Lorna,2008,"337,696",0,"337,696"
Á köldum klaka,1995,"337,560",0,"337,560"
Happy People: A Year in the Taiga,2010,"337,497",0,"337,497"
Hasee Toh Phasee,2014,"336,985",0,"336,985"
À bout de souffle,1960,"336,705",0,"336,705"
Never the Twain Shall Meet,1925,"336,658",0,"336,658"
Enter the Void,2009,"336,467",0,"336,467"
The Singing Detective,2003,"336,456",0,"336,456"
Talent for the Game,1991,"336,396",0,"336,396"
Kings of Pastry,2009,"336,174",0,"336,174"
Wooly Boys,2001,"335,726",0,"335,726"
Casse-tête chinois,2013,"335,430",0,"335,430"
The Humming Bird,1924,"335,400",0,"335,400"
Post coïtum animal triste,1997,"335,082",0,"335,082"
Starbuck,2011,"335,034",0,"335,034"
The Prophet,2014,"335,030",0,"335,030"
Under the Red Robe,1923,"335,030",0,"335,030"
This Is Not What I Expected,2017,"334,985",0,"334,985"
Roger Corman's Frankenstein Unbound,1990,"334,748",0,"334,748"
I Origins,2014,"334,658",0,"334,658"
Chup Chup Ke,2006,"334,618",0,"334,618"
"""The Mahabharata""",1989,"334,077",0,"334,077"
Hurricane,1997,"334,041",0,"334,041"
Welcome to Collinwood,2002,"333,976",0,"333,976"
Diamond Skulls,1989,"333,811",0,"333,811"
Marilyn Hotchkiss' Ballroom Dancing and Charm School,1990,"333,658",0,"333,658"
Marusa no onna 2,1988,"333,584",0,"333,584"
You Can't Hurry Love,1988,"333,152",0,"333,152"
Shine,2017/I,"333,124",0,"333,124"
Sinterklaas en het pakjes mysterie,2010,0,"333,078","333,078"
Ladri di biciclette,1948,"332,930",0,"332,930"
Ballet 422,2014,"332,843",0,"332,843"
The Look of Silence,2014,"109,089","223,621","332,710"
Snitch,1998,"332,388",0,"332,388"
The Devil and Daniel Johnston,2005,"332,261",0,"332,261"
De zaak Alzheimer,2003,"332,015",0,"332,015"
Private Resort,1985,"331,816",0,"331,816"
Diana,2013,"331,634",0,"331,634"
Salome's Last Dance,1988,"331,469",0,"331,469"
The First Grader,2010,"330,533",0,"330,533"
Lawless Heart,2001,"330,067",0,"330,067"
Mooz-Lum,2010,"330,048",0,"330,048"
The Singing Revolution,2006,"330,017",0,"330,017"
Creature,2011,"330,000",0,"330,000"
L'anglaise et le duc,2001,"329,845",0,"329,845"
Zelary,2003,"329,723",0,"329,723"
Gabrielle,2005,"328,567",0,"328,567"
Le huitième jour,1996,"328,452",0,"328,452"
Flower,2017/I,"328,188",0,"328,188"
Hood of Horror,2006,"328,000",0,"328,000"
Monty Python Live at the Hollywood Bowl,1982,"327,958",0,"327,958"
Kaashmora,2016,"327,929",0,"327,929"
This Is England,2006,"327,919",0,"327,919"
What Happened Was...,1994,"327,482",0,"327,482"
Waking the Dead,2000,"327,418",0,"327,418"
Nymphomaniac: Vol. II,2013,"326,983",0,"326,983"
Student of the Year,2012,"326,508",0,"326,508"
Albino Alligator,1996,"326,308",0,"326,308"
Orgy at Lil's Place,1963,"326,300",0,"326,300"
A Sainted Devil,1924,"326,000",0,"326,000"
Gori Tere Pyaar Mein!,2013,"325,885",0,"325,885"
Kaos,1984,"325,717",0,"325,717"
Ju-on,2002,"325,661",0,"325,661"
Les aventuriers,1967,0,"325,527","325,527"
City of Ghosts,2002,"325,491",0,"325,491"
Camp,2013/I,"324,977",0,"324,977"
L'inconnu du lac,2013,"324,891",0,"324,891"
Yeonpyeong haejeon,2015,"324,719",0,"324,719"
Les enfants du marais,1999,"324,006",0,"324,006"
Genghis Blues,1999,"323,881",0,"323,881"
Eu Tu Eles,2000,"323,403",0,"323,403"
Les poupées russes,2005,"323,331",0,"323,331"
Dutch,2021,"323,167",0,"323,167"
The Cement Garden,1993,"322,975",0,"322,975"
Go with Me,2015,"27,079","295,889","322,968"
House of Cards,1993,"322,871",0,"322,871"
Viruddh... Family Comes First,2005,"322,753",0,"322,753"
The Guest,2014/I,"322,600",0,"322,600"
The Boys of Baraka,2005,"322,386",0,"322,386"
El jorobado de la Morgue,1973,0,"322,358","322,358"
Sword of Trust,2019,"322,224",0,"322,224"
Super,2010/I,"322,157",0,"322,157"
The Last Waltz,1978,"321,952",0,"321,952"
My Salinger Year,2020,"38,058","283,698","321,756"
Taxi,2015/III,"321,642",0,"321,642"
Fritt vilt,2006,0,"320,957","320,957"
Billy: The Early Years,2008,"320,876",0,"320,876"
The Bleeder,2016,"320,725",0,"320,725"
The Bounce Back,2016,"320,676",0,"320,676"
TerrorVision,1986,"320,256",0,"320,256"
Cetvrti covek,2007,0,"320,246","320,246"
Mucha,2010,0,"320,000","320,000"
Winter Solstice,2004/I,"319,228",0,"319,228"
The Safety of Objects,2001,"319,125",0,"319,125"
Trading Mom,1994,"319,123",0,"319,123"
Compliance,2012,"318,622",0,"318,622"
Trekkies,1997,"318,246",0,"318,246"
Not Today,2013,"317,903",0,"317,903"
The Outside Chance of Maximilian Glick,1988,"317,670",0,"317,670"
Indigènes,2006,"317,594",0,"317,594"
Liberal Arts,2012,"317,190",0,"317,190"
Adoration,2013,"317,125",0,"317,125"
The Yellow Handkerchief,2008,"317,040",0,"317,040"
Wristcutters: A Love Story,2006,"316,996",0,"316,996"
Dr. Jack,1922,"316,900",0,"316,900"
Un air de famille,1996,"316,872",0,"316,872"
Good Kill,2014,"316,842",0,"316,842"
Presque rien,2000,"316,784",0,"316,784"
The Road to Guantanamo,2006,"316,694",0,"316,694"
AmeriGeddon,2016,"316,554",0,"316,554"
Winterschläfer,1997,"316,431",0,"316,431"
Waterman,2021,"316,275",0,"316,275"
Promised Land,1987,"316,199",0,"316,199"
David and Goliath,2015,"316,100",0,"316,100"
La grande illusion,1937,"316,050",0,"316,050"
Under the Sun,1992,"316,020",0,"316,020"
Michel Vaillant,2003,0,"315,837","315,837"
Caught,1996,"315,752",0,"315,752"
Crusoe,1988,"315,421",0,"315,421"
Métisse,1993,"315,420",0,"315,420"
Gianni e le donne,2011,"315,307",0,"315,307"
Palookaville,1995,"315,230",0,"315,230"
Lucy in the Sky,2019,"314,999",0,"314,999"
The Spanish Dancer,1923,"314,765",0,"314,765"
Nebo. Samolyot. Devushka.,2002,0,"314,195","314,195"
America's Heart & Soul,2004,"314,000",0,"314,000"
The Music of Chance,1993,"313,967",0,"313,967"
Elling,2001,"313,436",0,"313,436"
Rebelle,2012,"70,544","242,843","313,387"
Full Fathom Five,1990,"313,214",0,"313,214"
Grass,1999,"313,039",0,"313,039"
Yi jiu si er,2012,"312,954",0,"312,954"
Disappearances,2006,"312,642",0,"312,642"
City of Rock,2017,"312,537",0,"312,537"
The Hornet's Nest,2014,"311,975",0,"311,975"
La fille de d'Artagnan,1994,"311,922",0,"311,922"
Ta'm e guilass,1997,"311,873",0,"311,873"
Happy Ending,2014,"311,729",0,"311,729"
The Breadwinner,2017,"311,667",0,"311,667"
Shtikat Haarchion,2010,"311,542",0,"311,542"
Turtle: The Incredible Journey,2009,"311,454",0,"311,454"
Elle s'en va,2013,"311,372",0,"311,372"
Steve Harvey: Don't Trip... He Ain't Through with Me Yet,2006,"311,258",0,"311,258"
Monster in a Box,1992,"311,245",0,"311,245"
Mlyn i krzyz,2011,"310,900",0,"310,900"
"O Que É Isso, Companheiro?",1997,"310,724",0,"310,724"
Clean,2020,"310,295",0,"310,295"
The Gatekeeper,2002,"309,941",0,"309,941"
West of Memphis,2012,"309,864",0,"309,864"
La haine,1995,"309,811",0,"309,811"
The Panama Deception,1992,"309,596",0,"309,596"
The Face of Love,2013,"309,427",0,"309,427"
Adam & Steve,2005,"309,384",0,"309,384"
For the Bible Tells Me So,2007,"309,123",0,"309,123"
Kådisbellan,1993,"309,117",0,"309,117"
Final Account,2020,"308,976",0,"308,976"
The Spoilers,1923,"308,576",0,"308,576"
Bigger Stronger Faster*,2008,"307,811",0,"307,811"
Ten to Chi to,1990,"307,775",0,"307,775"
Cidade dos Homens,2007,"307,076",0,"307,076"
Whatever,1998,"307,037",0,"307,037"
World Gone Wild,1987,"307,000",0,"307,000"
Chairman of the Board,1998,"306,715",0,"306,715"
Constellation,2005,"306,533",0,"306,533"
Viaggio sola,2013,"306,387",0,"306,387"
Hard Promises,1991,"306,319",0,"306,319"
Dot the I,2003,"306,224",0,"306,224"
Leidenschaftliche Blümchen,1978,"306,061",0,"306,061"
Shingeki no kyojin endo obu za wârudo,2015,"305,934",0,"305,934"
Pumpkin,2002,"305,690",0,"305,690"
Pretty Persuasion,2005,"305,688",0,"305,688"
Rampo,1994,"305,434",0,"305,434"
Khushi,2003/I,"305,205",0,"305,205"
Eleni,1985,"305,102",0,"305,102"
Rapa Nui,1994,"305,070",0,"305,070"
Citizen Jane: Battle for the City,2016,"305,048",0,"305,048"
Me Without You,2001,"304,909",0,"304,909"
Hitchcock/Truffaut,2015,"304,899",0,"304,899"
Dance Me Outside,1994,"304,852",0,"304,852"
Sweet Sixteen,2002/I,"304,676",0,"304,676"
The Angels' Share,2012,"304,357",0,"304,357"
Stolen,2012,"304,318",0,"304,318"
Obit.,2016,"304,191",0,"304,191"
Four Lions,2010,"304,137",0,"304,137"
La niña santa,2004,"304,124",0,"304,124"
Sally of the Sawdust,1925,"304,081",0,"304,081"
In the Land of Blood and Honey,2011,"303,877",0,"303,877"
Empire Records,1995,"303,841",0,"303,841"
The Chocolate War,1988,"303,624",0,"303,624"
The Love Punch,2013,"303,586",0,"303,586"
Bukowski: Born into This,2003,"303,490",0,"303,490"
The Life Before Her Eyes,2007,"303,439",0,"303,439"
K-12,2019,"303,230",0,"303,230"
Elaine Stritch: Shoot Me,2013,"303,100",0,"303,100"
L'écume des jours,2013,"303,012",0,"303,012"
Hair Show,2004,"302,990",0,"302,990"
Living & Dying,2007,0,"302,917","302,917"
Holy Rollers,2010,"302,886",0,"302,886"
White Material,2009,"302,819",0,"302,819"
Francofonia,2015,"302,762",0,"302,762"
"OSS 117: Le Caire, nid d'espions",2006,"302,752",0,"302,752"
Unmistaken Child,2008,"302,703",0,"302,703"
Being Elmo: A Puppeteer's Journey,2011,"302,652",0,"302,652"
Linsanity,2013,"302,645",0,"302,645"
Beyond Re-Animator,2003,0,"302,586","302,586"
The Addiction,1995,"302,393",0,"302,393"
Lost and Delirious,2001,"302,365",0,"302,365"
Secuestro express,2005,"302,256",0,"302,256"
Shooting Fish,1997,"302,204",0,"302,204"
This Film Is Not Yet Rated,2006,"302,179",0,"302,179"
O' Horten,2007,"301,902",0,"301,902"
Solomon and Gaenor,1999,"301,754",0,"301,754"
Mia madre,2015,"301,664",0,"301,664"
Down from the Mountain,2000,"301,388",0,"301,388"
Save Yourselves!,2020,"301,162",0,"301,162"
Armaan,2003,"301,010",0,"301,010"
Negatibu happî chênsô ejji,2007,0,"300,942","300,942"
White Water Summer,1987,"300,859",0,"300,859"
Offret,1986,"300,653",0,"300,653"
Chalk,2006/I,"300,633",0,"300,633"
Mine vaganti,2010,0,"300,447","300,447"
Crazy Love,2007/I,"300,372",0,"300,372"
La maldición de la bestia,1975,0,"300,263","300,263"
The Graduates,2008/I,"300,000",0,"300,000"
The Trip,2002,"300,000",0,"300,000"
La postière,1992,"300,000",0,"300,000"
Shame,1988,"300,000",0,"300,000"
Dil Chahta Hai,2001,"300,000",0,"300,000"
"Please, Don't Bury Me Alive!",1976,"300,000",0,"300,000"
Metroland,1997,"299,463",0,"299,463"
Cotton Mary,1999,"299,351",0,"299,351"
Crónicas,2004,"299,261",0,"299,261"
SLC Punk!,1998,"299,200",0,"299,200"
"¡Ay, Carmela!",1990,"299,090",0,"299,090"
Festival in Cannes,2001,"298,971",0,"298,971"
L'amour fou,2010/II,"298,781",0,"298,781"
Christine,2016/I,"298,759",0,"298,759"
La belle et la bête,1946,"298,718",0,"298,718"
Graustark,1925,"298,577",0,"298,577"
Fido,2006,"298,110",0,"298,110"
Ittefaq,2017,"298,032",0,"298,032"
The J-K Conspiracy,2004,"297,325",0,"297,325"
Ma vie de Courgette,2016,"296,723",0,"296,723"
Kabul Express,2006,"296,586",0,"296,586"
Bakjwi,2009,"296,441",0,"296,441"
Bonhoeffer: Agent of Grace,2000,"296,181",0,"296,181"
Ethan Frome,1993,"296,081",0,"296,081"
The Devil-Stone,1917,"296,032",0,"296,032"
The Navigator,1924,"295,895",0,"295,895"
Il fantasma dell'opera,1998,0,"295,499","295,499"
Freeway,1996,"295,493",0,"295,493"
Avril et le monde truqué,2015,"295,487",0,"295,487"
Never Again,2001,"295,468",0,"295,468"
Riff-Raff,1991,"295,444",0,"295,444"
Go Goa Gone,2013,"295,414",0,"295,414"
Rent-a-Cop,1987,"295,000",0,"295,000"
L'avventuriero,1967,"295,000",0,"295,000"
Rumpelstiltskin,1995,"294,991",0,"294,991"
Out Cold,1989,"294,266",0,"294,266"
Innocence,2014/V,"294,039",0,"294,039"
Mickey,2004,"293,793",0,"293,793"
Adoration,2008,"293,614",0,"293,614"
Feast of July,1995,"293,274",0,"293,274"
Caterina va in città,2003,"293,268",0,"293,268"
Passage to Zarahemla,2007,"292,990",0,"292,990"
Try Seventeen,2002,0,"292,370","292,370"
L'enfant d'eau,1995,"292,226",0,"292,226"
Simon Sez,1999,"292,152",0,"292,152"
Wet Hot American Summer,2001,"292,102",0,"292,102"
Anonyma - Eine Frau in Berlin,2008,"291,812",0,"291,812"
Highway 61,1991,"291,645",0,"291,645"
El bonaerense,2002,0,"291,636","291,636"
Waste Land,2010,"187,716","103,591","291,307"
Taxi No. 9 2 11: Nau Do Gyarah,2006,"291,048",0,"291,048"
Trixie,2000,"291,022",0,"291,022"
Carried Away,1996,"290,978",0,"290,978"
Ixcanul,2015,"290,880",0,"290,880"
Beau Brummel,1924,"290,705",0,"290,705"
Cold Feet,1989,"289,975",0,"289,975"
Lovelines,1984,"289,814",0,"289,814"
God's Own Country,2017,"289,596",0,"289,596"
Rois et reine,2004,"289,592",0,"289,592"
The Man in 3B,2015,"289,575",0,"289,575"
Dying of the Light,2014,0,"289,418","289,418"
V dvizhenii,2002,0,"289,397","289,397"
Plain Clothes,1987,"289,323",0,"289,323"
Shootout at Lokhandwala,2007,"289,232",0,"289,232"
Peter Pan,1924,"289,096",0,"289,096"
India Sweets and Spices,2021,"288,714",0,"288,714"
Änglagård,1992,"288,633",0,"288,633"
Sofie,1992,"288,567",0,"288,567"
Power and Terror: Noam Chomsky in Our Times,2002,"288,372",0,"288,372"
Something from Nothing: The Art of Rap,2012,"288,312",0,"288,312"
Under solen,1998,"288,083",0,"288,083"
Antarctica: A Year on Ice,2013,"287,761",0,"287,761"
Mr. Jealousy,1997,"287,752",0,"287,752"
The Belly of an Architect,1987,"287,725",0,"287,725"
American Pimp,1999,"287,724",0,"287,724"
Above and Beyond,2014/I,"287,697",0,"287,697"
Outrage,2009/I,"286,654",0,"286,654"
Old Wives for New,1918,"286,504",0,"286,504"
Skaz pro Fedota-streltsa,2002,0,"286,419","286,419"
Mala nocna muzika,2002,0,"286,333","286,333"
Aquarius,2016,"285,930",0,"285,930"
Cold Steel,1987,"285,885",0,"285,885"
Gui tu lie che,2009,"285,848",0,"285,848"
Waka okami wa shôgakusei!,2018,"126,653","158,801","285,454"
Living on Tokyo Time,1987,"285,146",0,"285,146"
The Black Prince,2017,"285,000",0,"285,000"
Marius et Jeannette,1997,"284,607",0,"284,607"
Nid de guêpes,2002,0,"284,138","284,138"
I Am David,2003,"284,002",0,"284,002"
Powwow Highway,1989,"283,747",0,"283,747"
Kill Me Again,1989,"283,694",0,"283,694"
Five Broken Cameras,2011,"109,983","173,309","283,292"
Swept from the Sea,1997,"283,081",0,"283,081"
The End of Violence,1997,"283,033",0,"283,033"
Seres queridos,2004,"282,998",0,"282,998"
The Interrupters,2011,"282,448",0,"282,448"
L'avenir,2016,"282,382",0,"282,382"
Green Dragon,2001,"281,803",0,"281,803"
Ne touchez pas la hache,2007,"281,468",0,"281,468"
Le raid,2002,0,"281,374","281,374"
The King,2005,"281,326",0,"281,326"
In the Spirit,1990,"281,285",0,"281,285"
Dancing Arabs,2014,"281,059",0,"281,059"
Kundo: Min-ran-eui si-dae,2014,"280,958",0,"280,958"
Fehér isten,2014,"280,494",0,"280,494"
That Evening Sun,2009,"280,343",0,"280,343"
The Pilgrim,1923,"280,171",0,"280,171"
Yuva,2004,"280,100",0,"280,100"
Dom za vesanje,1988,"280,015",0,"280,015"
Planet B-Boy,2007,"280,000",0,"280,000"
Mara Crash,2016,"280,000",0,"280,000"
Un buen hombre,2009,0,"279,797","279,797"
Equinox,1992,"279,627",0,"279,627"
The Battle of Shaker Heights,2003,"279,282",0,"279,282"
I Do... Until I Don't,2017,"279,263",0,"279,263"
Lugares comunes,2002,0,"279,239","279,239"
Kahaani 2,2016,"279,009",0,"279,009"
Life During Wartime,2009,"278,821",0,"278,821"
American Hardcore,2006,"278,785",0,"278,785"
A Love Song,2022,"278,843",0,"278,843"
Every Time We Say Goodbye,1986,"278,623",0,"278,623"
Soshite chichi ni naru,2013,"278,442",0,"278,442"
Windhorse,1998,"278,161",0,"278,161"
Ten Canoes,2006,"277,991",0,"277,991"
"20,000 Days on Earth",2014,"277,770",0,"277,770"
25 kilates,2008,0,"277,723","277,723"
Lady Jane,1986,"277,646",0,"277,646"
Der Staat gegen Fritz Bauer,2015,"277,636",0,"277,636"
Willy/Milly,1986,"277,405",0,"277,405"
Tokyo Sonata,2008,"277,315",0,"277,315"
Goat on Fire and Smiling Fish,1999,"277,233",0,"277,233"
Daniel,1983,"276,814",0,"276,814"
Sukob,2006,"276,700",0,"276,700"
Tom of Finland,2017,"276,636",0,"276,636"
Le fils de l'épicier,2007,"276,454",0,"276,454"
The Unknown Known,2013,"276,381",0,"276,381"
"Sex, Drugs & Democracy",1994,"276,174",0,"276,174"
Beefcake,1998,"275,996",0,"275,996"
God Grew Tired of Us: The Story of Lost Boys of Sudan,2006,"275,736",0,"275,736"
L'homme qu'on aimait trop,2014,"275,376",0,"275,376"
Valentín,2002/I,"275,363",0,"275,363"
L'ennemi public n°1,2008,"275,125",0,"275,125"
Morning Light,2008,"275,093",0,"275,093"
The Boy in Blue,1986,"275,000",0,"275,000"
That's Entertainment! III,1994,"274,794",0,"274,794"
Hey Ram,2000,"274,675",0,"274,675"
Taxi to the Dark Side,2007,"274,661",0,"274,661"
Main Tera Hero,2014,"274,579",0,"274,579"
Soul Kitchen,2009,"274,385",0,"274,385"
Kings,2017,"274,320",0,"274,320"
Amen.,2002,"274,299",0,"274,299"
The Plot Against Harry,1989,"274,182",0,"274,182"
About Fate,2022,"8,688","265,369","274,057"
Gabbeh,1996,"273,967",0,"273,967"
The Central Park Five,2012,"273,747",0,"273,747"
Zaymemsya lyubovyu,2002,0,"273,124","273,124"
Baby Doom,1998,0,"272,670","272,670"
Heavy Petting,1989,"272,371",0,"272,371"
Heart Like a Wheel,1983,"272,278",0,"272,278"
Pao Da Shuang Deng,1994,"272,232",0,"272,232"
Annapolis Salute,1937,"272,000",0,"272,000"
Shichinin no samurai,1954,"271,841",0,"271,841"
Honogurai mizu no soko kara,2002,0,"271,670","271,670"
Wei ai zhi jian ru jia jing,2014,"271,451",0,"271,451"
Big Girls Don't Cry... They Get Even,1992,"271,327",0,"271,327"
Countdown to Zero,2010,"271,323",0,"271,323"
The Pony Express,1925,"271,112",0,"271,112"
Dirty,2005,"271,078",0,"271,078"
Himmatwala,2013,"270,880",0,"270,880"
Deep Water,2006,"270,452",0,"270,452"
Call of the Wild,2009,"28,682","241,528","270,210"
The Last Dalai Lama?,2016,"144,934","125,011","269,945"
Babyfever,1994,"269,904",0,"269,904"
American Dream,1990,"269,823",0,"269,823"
The Last of Robin Hood,2013,"269,642",0,"269,642"
Name the Man,1924,"269,550",0,"269,550"
O Menino e o Mundo,2013,"129,479","139,541","269,020"
Surfwise,2007,"268,560",0,"268,560"
Trois souvenirs de ma jeunesse,2015,"268,548",0,"268,548"
Hype!,1996,"268,520",0,"268,520"
Honeydripper,2007,"267,880",0,"267,880"
Le mystère Picasso,1956,"267,836",0,"267,836"
Umi yori mo mada fukaku,2016,"267,773",0,"267,773"
Swallow,2019,"33,419","234,206","267,625"
La hija del caníbal,2003,"267,495",0,"267,495"
Conan O'Brien Can't Stop,2011,"267,473",0,"267,473"
Pastime,1990,"267,265",0,"267,265"
Heavenly Pursuits,1986,"267,249",0,"267,249"
Morvern Callar,2002,"267,194",0,"267,194"
Waking Up in Reno,2002,"267,109",0,"267,109"
Harvard Beats Yale 29-29,2008,"267,045",0,"267,045"
Miss Mary,1986,"267,000",0,"267,000"
Gone in the Night,2022,"266,466",0,"266,466"
Munger Road,2011,"266,190",0,"266,190"
Brothers,2015/I,"266,175",0,"266,175"
The World Before Your Feet,2018,"265,331",0,"265,331"
Black Death,2010,"22,554","242,764","265,318"
The Hottentot,1922,"265,275",0,"265,275"
The TV Set,2006,"265,198",0,"265,198"
Beyond the Rocks,1922,"265,150",0,"265,150"
Psycho Beach Party,2000,"265,107",0,"265,107"
Opposite Blood,2012,"265,000",0,"265,000"
Zander the Great,1925,"264,738",0,"264,738"
Rita Moreno: Just a Girl Who Decided to Go for It,2021,"264,626",0,"264,626"
Hard,1998,"264,596",0,"264,596"
The Black Power Mixtape 1967-1975,2011,"264,324",0,"264,324"
A Mouthful of Air,2021,"264,119",0,"264,119"
You Won't Be Alone,2022,"264,055",0,"264,055"
King of California,2007,"263,674",0,"263,674"
Split Image,1982,"263,635",0,"263,635"
Amongst Friends,1993,"263,601",0,"263,601"
The Coast of Folly,1925,"263,363",0,"263,363"
The Legend of God's Gun,2007,"263,295",0,"263,295"
Rare Exports,2010,"263,210",0,"263,210"
Te wu mi cheng,2001,0,"263,048","263,048"
Karthik Calling Karthik,2010,"262,511",0,"262,511"
Out of Liberty,2019,"262,045",0,"262,045"
Mávahlátur,2001,0,"261,800","261,800"
Reise der Hoffnung,1990,"261,718",0,"261,718"
Life of Crime,2013,"261,695",0,"261,695"
Rosetta,1999,"261,475",0,"261,475"
Grandma's Boy,1922,"261,400",0,"261,400"
Beautiful People,1999,"261,360",0,"261,360"
Rascals,2011,"261,156",0,"261,156"
The Quarrel,1991,"260,024",0,"260,024"
Steep,2007/I,"259,840",0,"259,840"
Dante's Inferno,1924,"259,784",0,"259,784"
Room 237,2012/I,"259,765",0,"259,765"
Chattahoochee,1989,"259,486",0,"259,486"
Wakefield,2016,"259,412",0,"259,412"
Phil Ochs: There But for Fortune,2010,"259,362",0,"259,362"
The Doom Generation,1995,"259,319",0,"259,319"
Alan & Naomi,1992,"259,311",0,"259,311"
Superstau,1991,"259,297",0,"259,297"
Needle,2010,0,"259,185","259,185"
La leggenda del pianista sull'oceano,1998,"259,127",0,"259,127"
Illegally Yours,1988,"259,019",0,"259,019"
Closet Land,1991,"259,012",0,"259,012"
Under Suspicion,2000,"258,691",0,"258,691"
Great Expectations,2012,"258,656",0,"258,656"
The Man with Rain in His Shoes,1998,"258,464",0,"258,464"
Foxfire,1996,"258,263",0,"258,263"
Passione,2010,"258,222",0,"258,222"
Tmavomodrý svet,2001,"258,215",0,"258,215"
Wide Awake,1998,"258,212",0,"258,212"
An Awfully Big Adventure,1995,"258,195",0,"258,195"
"I, Daniel Blake",2016,"258,168",0,"258,168"
Blue Ruin,2013,"258,113",0,"258,113"
The Music Never Stopped,2011,"258,077",0,"258,077"
Te3n,2016,"258,066",0,"258,066"
What's Your Raashee?,2009,"257,868",0,"257,868"
The Green Prince,2014,"257,779",0,"257,779"
Riders,2002,0,"257,528","257,528"
Alleluia! The Devil's Carnival,2016,"257,320",0,"257,320"
Mayor of the Sunset Strip,2003,"257,315",0,"257,315"
Cézanne et moi,2016,"257,109",0,"257,109"
Walker,1987,"257,043",0,"257,043"
Lakposhtha parvaz mikonand,2004,"256,822",0,"256,822"
The Reckoning,2002/II,"256,620",0,"256,620"
Twenty-One,1991,"256,521",0,"256,521"
Dream Lover,1993,"256,264",0,"256,264"
In the Soup,1992,"256,249",0,"256,249"
Jean-Michel Basquiat: The Radiant Child,2010,"256,242",0,"256,242"
Quo Vadis?,1924,"256,112",0,"256,112"
I Am Eleven,2011,"256,099",0,"256,099"
Bad Behaviour,1993,"255,960",0,"255,960"
Old Joy,2006,"255,352",0,"255,352"
Boy,2010/I,"255,179",0,"255,179"
Okno v Parizh,1993,"255,088",0,"255,088"
Once I Was Engaged,2021,"254,775",0,"254,775"
Smilin' Through,1922,"254,700",0,"254,700"
Dean,2016,"254,536",0,"254,536"
The War Zone,1999,"254,441",0,"254,441"
Maelström,2000,"254,380",0,"254,380"
La meglio gioventù,2003,"254,224",0,"254,224"
Our Song,2000,"254,199",0,"254,199"
The War Tapes,2006,"254,190",0,"254,190"
Dellamorte Dellamore,1994,"253,969",0,"253,969"
Poulet aux prunes,2011,"253,705",0,"253,705"
Doctor Jekyll y el Hombre Lobo,1972,0,"253,698","253,698"
Night Moves,2013,"252,903",0,"252,903"
The Fortress,2017,"252,895",0,"252,895"
The New Adventures of Pinocchio,1999,0,"252,825","252,825"
Love's Abiding Joy,2006,"252,726",0,"252,726"
London Fields,2018,"252,676",0,"252,676"
Trolljegeren,2010,"252,652",0,"252,652"
Gimme Shelter,1970,"252,570",0,"252,570"
Broken Bridges,2006,"252,539",0,"252,539"
Orphans,1987,"252,430",0,"252,430"
Ils se marièrent et eurent beaucoup d'enfants,2004,"252,341",0,"252,341"
Telling Lies in America,1997,"252,318",0,"252,318"
Who Is Cletis Tout?,2001,"252,227",0,"252,227"
The Human Centipede (First Sequence),2009,"181,467","70,740","252,207"
"Life, Animated",2016,"252,030",0,"252,030"
Canal Street,2018,"251,917",0,"251,917"
Lola Versus,2012,"251,913",0,"251,913"
Greendale,2003,"251,862",0,"251,862"
Call Me,1988,"251,819",0,"251,819"
Éloge de l'amour,2001,"251,717",0,"251,717"
Meeting Gorbachev,2018,"251,627",0,"251,627"
Qian li zou dan qi,2005,"251,585",0,"251,585"
Dominion: Prequel to the Exorcist,2005,"251,495",0,"251,495"
Happenstance,1997,"251,444",0,"251,444"
Le dernier souffle,1999,"251,091",0,"251,091"
Haiku Tunnel,2001,"251,058",0,"251,058"
Okoge,1992,"251,032",0,"251,032"
Mio fratello è figlio unico,2007,"251,004",0,"251,004"
Camilla,1994,"250,993",0,"250,993"
Tu seras mon fils,2011,"250,800",0,"250,800"
Spring Forward,1999,"250,485",0,"250,485"
Gook,2017,"250,130",0,"250,130"
Humko Deewana Kar Gaye,2006,"250,083",0,"250,083"
Placebo Effect,1998,"1,190","248,810","250,000"
La conciergerie,1997,"250,000",0,"250,000"
The Fast and the Furious,1955,"250,000",0,"250,000"
Three Little Pigs,1933,"250,000",0,"250,000"
Sweetwater,2012,"250,000",0,"250,000"
Unmade Beds,1997,"250,000",0,"250,000"
Passion in the Desert,1997,"249,682",0,"249,682"
Tajja: Sineui son,2014,"249,672",0,"249,672"
Spread,2009,"249,590",0,"249,590"
Gay Sex in the 70s,2005,"249,565",0,"249,565"
De eso no se habla,1993,"249,530",0,"249,530"
(Dean),2016,"248,849",0,"248,849"
Monte Cristo,1922,"248,450",0,"248,450"
Adam's Rib,1923,"248,300",0,"248,300"
15 février 1839,2001,"248,093",0,"248,093"
Mad God,2021,"248,011",0,"248,011"
Dog Soldiers,2002,0,"247,748","247,748"
The Real Blonde,1997,"247,745",0,"247,745"
Sex with Strangers,2002,"247,740",0,"247,740"
À tout de suite,2004,"247,636",0,"247,636"
Beau travail,1999,"247,606",0,"247,606"
La jeune fille sans mains,2016,"21,789","225,812","247,601"
Dheepan,2015,"247,597",0,"247,597"
Gibsonburg,2013,"247,500",0,"247,500"
Life in a Day,2011,"247,215",0,"247,215"
The Galapagos Affair: Satan Came to Eden,2013,"247,159",0,"247,159"
One Two Three,2008,"246,724",0,"246,724"
Enlighten Up!,2008,"246,649",0,"246,649"
My Dog Tulip,2009,"246,574",0,"246,574"
Shadows of Paris,1924,"246,191",0,"246,191"
Frozen,2010/I,"246,177",0,"246,177"
Larger Than Life in 3D,2009,"246,042",0,"246,042"
Triumph,1924,"245,919",0,"245,919"
Feet of Clay,1924,"245,919",0,"245,919"
Watermarks,2004,"245,845",0,"245,845"
The White Rose,1923,"245,551",0,"245,551"
Classified,1925,"245,438",0,"245,438"
El espanto surge de la tumba,1973,0,"245,371","245,371"
Un oso rojo,2002,0,"245,293","245,293"
The New Age,1994,"245,217",0,"245,217"
The Eternal City,1923,0,"245,200","245,200"
Keep the Lights On,2012,"245,138",0,"245,138"
Outremer,1990,"244,513",0,"244,513"
La femme de chambre du Titanic,1997,"244,465",0,"244,465"
Youth Without Youth,2007,"244,397",0,"244,397"
Horem pádem,2004,"244,105",0,"244,105"
Blueprint,2003,0,"244,098","244,098"
The Waiting Room,2012/III,"244,092",0,"244,092"
Veeram,2014,"243,955",0,"243,955"
Promises,2001,"243,769",0,"243,769"
Science Fair,2018,"242,492","1,141","243,633"
Civil Brand,2002,"243,347",0,"243,347"
Kukushka,2002,"243,187",0,"243,187"
Noëlle,2007,"242,924",0,"242,924"
The Young Rajah,1922,"242,900",0,"242,900"
Braindead,1992,"242,623",0,"242,623"
Wild Oats,2016,"40,598","201,714","242,312"
No Problem,2010/I,"242,116",0,"242,116"
The Whispering Chorus,1918,"242,109",0,"242,109"
Dog Park,1998,"242,093",0,"242,093"
Stepping Out,1991,"242,014",0,"242,014"
My Perestroika,2010,"241,875",0,"241,875"
Shivaay,2016,0,"241,862","241,862"
Madonna of the Streets,1924,"241,850",0,"241,850"
George Washington,2000,"241,816",0,"241,816"
Shamitabh,2015,"241,720",0,"241,720"
Stage Struck,1925,"241,507",0,"241,507"
Plata quemada,2000,"241,484",0,"241,484"
Life and Debt,2001,"241,297",0,"241,297"
Paperhouse,1988,"241,278",0,"241,278"
Dibu 3,2002,0,"240,792","240,792"
Dancemaker,1998,"240,514",0,"240,514"
"Gandhi, My Father",2007,"240,425",0,"240,425"
Lie Down with Dogs,1995,"240,280",0,"240,280"
Manufactured Landscapes,2006,"240,239",0,"240,239"
The Family Fang,2015,"240,067",0,"240,067"
Mayerling,1936,"240,000",0,"240,000"
Les plages d'Agnès,2008,"239,711",0,"239,711"
Spirit of the Game,2016,"239,565",0,"239,565"
Luo man di ke xiao wang shi,2016,"239,256",0,"239,256"
Becoming Cousteau,2021,"232,285","6,884","239,169"
Misery Harbour,1999,0,"239,139","239,139"
Xing fu shi guang,2000,"239,134",0,"239,134"
La Ciudad (The City),1998,"239,074",0,"239,074"
The Ladies Club,1986,"239,073",0,"239,073"
Rebro Adama,1990,"239,008",0,"239,008"
Skins,2002,"238,987",0,"238,987"
Driving Lessons,2006,"238,774",0,"238,774"
The Doors: When You're Strange,2009,"238,632",0,"238,632"
Crown Heights,2017,"238,558",0,"238,558"
Young Warriors,1983,"238,534",0,"238,534"
Bin-jip,2004,"238,507",0,"238,507"
Ha-Asonot Shel Nina,2003,"238,487",0,"238,487"
The Cruise,1998,"238,434",0,"238,434"
The Independent,2000,"238,431",0,"238,431"
Fear of a Black Hat,1993,"238,230",0,"238,230"
Chaos Theory,2008,"237,958",0,"237,958"
Wages of Virtue,1924,"237,847",0,"237,847"
Free Zone,2005,"32,381","205,382","237,763"
Drona,2008,"237,647",0,"237,647"
Band Aid,2017/I,"237,535",0,"237,535"
Gerhard Richter - Painting,2011,"237,491",0,"237,491"
One Week,2000,"237,406",0,"237,406"
Monsters,2010,"237,301",0,"237,301"
Outfoxed: Rupert Murdoch's War on Journalism,2004,"237,277",0,"237,277"
Baaghi: A Rebel For Love,2016,"237,215",0,"237,215"
Puberty Blues,1981,"237,000",0,"237,000"
Brass,1923,"236,645",0,"236,645"
American Woman,2018,"236,637",0,"236,637"
Gerry,2002,"236,266",0,"236,266"
"Ram Dass, Fierce Grace",2001,"236,103",0,"236,103"
Fausto,1993,"236,090",0,"236,090"
The Black Cat,1934,"236,000",0,"236,000"
Three Wise Fools,1923,"236,000",0,"236,000"
The King on Main Street,1925,"235,600",0,"235,600"
Hamari Adhuri Kahani,2015,"235,361",0,"235,361"
Circuit,2001,"235,087",0,"235,087"
Chameleon Street,1989,"235,011",0,"235,011"
Africa United,2005,0,"235,000","235,000"
Going Berserk,1983,"234,950",0,"234,950"
Unhook the Stars,1996,"234,843",0,"234,843"
Valo,2005,0,"234,728","234,728"
Stalker,1979,"234,723",0,"234,723"
Chong fan 20 sui,2015,"234,573",0,"234,573"
Trishna,2011,"234,432",0,"234,432"
Big Fan,2009,"234,422",0,"234,422"
Chopper,2000,"234,259",0,"234,259"
Ai,2012/I,"234,159",0,"234,159"
Hana-bi,1997,"233,986",0,"233,986"
Gripsholm,2000,0,"233,935","233,935"
The Foot Fist Way,2006,"233,637",0,"233,637"
Kingsglaive: Final Fantasy XV,2016,"233,569",0,"233,569"
Mädchen Mädchen!,2001,0,"233,538","233,538"
O Jerusalem,2006,"233,520",0,"233,520"
Delusion,1991,"233,488",0,"233,488"
Soultaker,1990,"233,150",0,"233,150"
Wah-Wah,2005,"233,103",0,"233,103"
On the Come Up,2022,"235,010",0,"235,010"
Classmates,1924,"233,080",0,"233,080"
Sex: The Annabel Chong Story,1999,"233,076",0,"233,076"
Wilbur Wants to Kill Himself,2002,"233,053",0,"233,053"
El Chicano,2018,"233,000",0,"233,000"
The Cheat,1923,"232,932",0,"232,932"
Falling from Grace,1992,"231,826",0,"231,826"
Demonlover,2002,"231,756",0,"231,756"
Wrestling Ernest Hemingway,1993,"231,700",0,"231,700"
Eat a Bowl of Tea,1989,"231,423",0,"231,423"
Rien ne va plus,1997,"231,417",0,"231,417"
My Kid Could Paint That,2007,"231,274",0,"231,274"
La chambre bleue,2014,"231,186",0,"231,186"
Diplomatie,2014,"230,880",0,"230,880"
(Untitled),2009,"230,600",0,"230,600"
A Place at the Table,2012,"230,522",0,"230,522"
Gainsbourg (Vie héroïque),2010,"230,311",0,"230,311"
Her Sister from Paris,1925,"230,306",0,"230,306"
Les destinées sentimentales,2000,"230,300",0,"230,300"
Jilla,2014,"230,221",0,"230,221"
El Bulli: Cooking in Progress,2010,"230,188",0,"230,188"
Land and Freedom,1995,"230,187",0,"230,187"
Flower,2017,"230,024",0,"230,024"
Sundown,2021,"229,921",0,"229,921"
A Place Called Chiapas,1998,"229,793",0,"229,793"
Judgment in Berlin,1988,"229,556",0,"229,556"
One Man's Hero,1999,"229,311",0,"229,311"
La discrète,1990,"229,160",0,"229,160"
Satin rouge,2002,"229,150",0,"229,150"
Endurance,1998,"229,128",0,"229,128"
Slow West,2015,"229,094",0,"229,094"
Fifty/Fifty,1992,"229,041",0,"229,041"
No-Do,2009,0,"229,031","229,031"
Peg o' My Heart,1922,"228,925",0,"228,925"
The Love Witch,2016,"228,894",0,"228,894"
Standard Operating Procedure,2008,"228,830",0,"228,830"
Angustia,1987,"228,789",0,"228,789"
Imaginary Heroes,2004,"228,524",0,"228,524"
Black Dynamite,2009,"228,477",0,"228,477"
Elena,2011,"228,239",0,"228,239"
Jeremiah Tower: The Last Magnificent,2016,"228,153",0,"228,153"
A Royal Night Out,2015,"228,136",0,"228,136"
"Un homme et une femme, 20 ans déjà",1986,"227,510",0,"227,510"
Guiana 1838,2004,"227,241",0,"227,241"
The Secrets We Keep,2020,"227,086",0,"227,086"
Brand Upon the Brain! A Remembrance in 12 Chapters,2006,"227,064",0,"227,064"
Confetti,2006,"226,990",0,"226,990"
Bellman and True,1987,"226,944",0,"226,944"
High Heels and Low Lifes,2001,"226,792",0,"226,792"
Las orgías inconfesables de Emmanuelle,1982,0,"226,730","226,730"
The Disappearance of Garcia Lorca,1996,"226,427",0,"226,427"
Extraterrestre,2011,0,"226,405","226,405"
Karwaan,2018,"182,009","44,243","226,252"
American Satan,2017,"226,233",0,"226,233"
The Agronomist,2003,"226,189",0,"226,189"
Rumble: The Indians Who Rocked The World,2017,"226,006",0,"226,006"
North of 36,1924,"225,488",0,"225,488"
Les blessures assassines,2000,"225,390",0,"225,390"
Square Dance,1987,"225,358",0,"225,358"
The Beauty Academy of Kabul,2004,"225,348",0,"225,348"
Formosa Betrayed,2009,"225,341",0,"225,341"
Christmas in the Clouds,2001,"225,335",0,"225,335"
White of the Eye,1987,"225,132",0,"225,132"
Drawing Restraint 9,2005,"225,041",0,"225,041"
Red River Valley,1936,"225,000",0,"225,000"
Till We Meet Again,2016,"13,557","211,443","225,000"
The Keeper: The Legend of Omar Khayyam,2005,"224,512",0,"224,512"
The Black Waters of Echo's Pond,2009,"224,409",0,"224,409"
Tampopo,1985,"224,097",0,"224,097"
Brighton Rock,1947,"223,887",0,"223,887"
Ricordati di me,2003,"223,878",0,"223,878"
Gloomy Sunday - Ein Lied von Liebe und Tod,1999,"223,827",0,"223,827"
Singh Saab the Great,2013,"223,660",0,"223,660"
Battle in Seattle,2007,"223,537",0,"223,537"
10 Questions for the Dalai Lama,2006,"223,517",0,"223,517"
Six Days,1923,"223,268",0,"223,268"
A Good Woman,2004,"223,144",0,"223,144"
The Song of Love,1923,"223,125",0,"223,125"
Dr. Cabbie,2014,"223,003",0,"223,003"
Pyaar Ka Punchnama 2,2015,"222,856",0,"222,856"
Sarusuberi: Miss Hokusai,2015,"222,670",0,"222,670"
Sydney,1996,"222,559",0,"222,559"
Chain of Desire,1992,"222,552",0,"222,552"
I'm Not Rappaport,1996,"222,525",0,"222,525"
En duva satt på en gren och funderade på tillvaron,2014,"222,284",0,"222,284"
Getting Grace,2017,"222,203",0,"222,203"
Unidentified,2006,"222,108",0,"222,108"
ABCD,2002,"221,908",0,"221,908"
The Closer You Get,2000,"221,898",0,"221,898"
The Ballad of Ramblin' Jack,2000,"221,893",0,"221,893"
Eagle vs Shark,2007,"221,846",0,"221,846"
Crime Spree,2003,0,"221,665","221,665"
Lilies - Les feluettes,1996,"221,494",0,"221,494"
Wassup Rockers,2005,"221,415",0,"221,415"
Like Someone in Love,2012,"221,390",0,"221,390"
Under Suspicion,1991,"221,295",0,"221,295"
World's Greatest Dad,2009/I,"221,210",0,"221,210"
Insomnia,1997,"221,173",0,"221,173"
Fist Fighter,1989,"221,163",0,"221,163"
El fondo del mar,2003,0,"220,704","220,704"
Mela,2000,"220,524",0,"220,524"
Ira & Abby,2006,"220,234",0,"220,234"
Santa with Muscles,1996,"220,198",0,"220,198"
Boy Culture,2006,"220,151",0,"220,151"
The Cockettes,2002,"220,077",0,"220,077"
Radioactive Dreams,1985,"220,038",0,"220,038"
Beer Wars,2009,"220,000",0,"220,000"
Imelda,2003,0,"220,000","220,000"
Sour Grapes,1998,"219,932",0,"219,932"
Her Love Story,1924,"219,929",0,"219,929"
The Zero Theorem,2013,"219,438",0,"219,438"
Brooklyn Castle,2012,"219,407",0,"219,407"
Naam Hai Akira,2016,"219,401",0,"219,401"
The Climb,2002,"219,142",0,"219,142"
The Confidence Man,1924,"218,736",0,"218,736"
Yong-eui-ja,2013,"218,693",0,"218,693"
Jack & Sarah,1995,"218,626",0,"218,626"
The Summit,2012/II,"218,454",0,"218,454"
Free Dance,2018,"83,891","134,426","218,317"
Becoming Colette,1991,"218,316",0,"218,316"
Le sphinx,1995,"218,233",0,"218,233"
Sister My Sister,1994,"217,881",0,"217,881"
New York Doll,2005,"217,655",0,"217,655"
Eat the Peach,1986,"217,477",0,"217,477"
East Is West,1922,"217,400",0,"217,400"
Zero Patience,1993,"217,300",0,"217,300"
Railroad Tigers,2016,"217,051",0,"217,051"
The Tower of Lies,1925,"217,000",0,"217,000"
Excuse Me,1925,"216,791",0,"216,791"
Ratcatcher,1999,"216,781",0,"216,781"
Xia dao lian meng,2017,"216,556",0,"216,556"
A Chorus of Disapproval,1989,"216,373",0,"216,373"
Into the Abyss,2011,"216,262",0,"216,262"
Scorched,2003/I,0,"216,220","216,220"
Dead & Buried,1981,"216,166",0,"216,166"
Ônibus 174,2002,"216,158",0,"216,158"
The Midshipman,1925,"215,950",0,"215,950"
Happythankyoumoreplease,2010,"215,576",0,"215,576"
Homegrown,1998,"215,553",0,"215,553"
Terminal Bliss,1990,"215,500",0,"215,500"
